longitude,latitude,Years,month,day,magnitude,depth
-70.26,-37.72,1920,12,10,7.3,15
-72,-35,1928,12,1,8,25
-68,-35,1929,5,30,6.8,40
-70,-36.5,1932,3,1,5.8,290
-71,-35,1932,6,11,6,80
-71.88,-35.25,1935,8,5,6.1,35
-71.65,-36.53,1936,11,1,6.3,15
-72,-36,1937,1,30,5.8,100
-72,-37,1937,12,24,5.8,70
-70,-35,1940,9,29,6.3,110
-71.5,-36,1950,1,21,6.2,64
-70.34,-37.61,1955,10,6,6.5,167.3
-71.94,-38.03,1960,5,22,6.9,30
-70.53,-37.07,1961,10,19,6.3,149
-71.1,-37.7,1962,1,7,5.1,129
-70.4,-38.5,1963,2,26,5.1,61
-71.5,-36.9,1963,8,9,4.2,186
-71.8,-40.2,1963,8,15,4,58
-69,-38.2,1963,12,3,4,65
-68.4,-35.1,1964,2,23,4.6,135
-70.6,-35.38,1964,4,23,4.4,35
-70.65,-35.47,1964,11,24,4.1,130
-71.23,-35.56,1965,2,28,4.4,105
-68.91,-35.45,1965,3,11,4.1,35
-70.88,-35.19,1965,7,23,4.5,99
-72,-35.9,1965,10,5,4.9,24
-68.25,-35.42,1965,12,10,4.4,10
-72,-38.1,1966,3,23,4,78
-70.45,-36.78,1966,3,27,3.7,154
-71.27,-35.1,1966,4,29,4.6,100
-71.09,-35.2,1966,8,17,4.4,105
-69.92,-35.43,1967,2,21,4.1,150
-71.89,-39.25,1967,5,7,4.1,120
-70.28,-37.16,1967,5,15,4.4,33
-71,-35.05,1967,8,18,4.6,20
-71.91,-39.5,1967,11,26,4.7,35
-71.24,-38.33,1968,4,30,5.4,10
-70.67,-35.1,1968,7,26,4.6,70
-71.24,-35.31,1968,10,18,4.9,90.2
-71.87,-35.66,1969,1,19,4.8,60.8
-71.01,-35.15,1969,4,23,4.6,78.5
-72,-39.22,1969,8,25,5.1,15
-71.25,-38.68,1969,12,2,4.5,120
-70.9,-36.42,1970,5,18,4.5,90
-67.4,-36.2,1970,6,30,4.1,33
-70.37,-36.77,1970,7,31,4.6,160
-70.5,-39.53,1970,11,30,4.7,160
-71.93,-37.28,1971,3,6,4.8,79.2
-70.23,-35.6,1971,7,3,4.2,48.4
-71.07,-35.41,1971,12,4,4.8,93.6
-70.25,-35.04,1972,1,21,5.1,11.1
-71.26,-35.08,1972,5,30,4.4,97.5
-70.77,-36.54,1972,6,17,3.9,0.1
-71.57,-40.35,1972,8,1,4.4,118.6
-69.4,-36.89,1972,8,12,3.6,0.1
-70.98,-35.29,1972,9,4,4.7,105.1
-68.68,-36.35,1972,10,29,4,0.1
-71.97,-35.77,1973,4,29,4,0.1
-72.01,-38.35,1973,8,5,4.8,74.2
-70.88,-35.82,1973,10,24,4.6,98.8
-70.87,-35.14,1974,2,9,4.5,107.7
-70.73,-36.08,1974,6,1,3.7,0.1
-70.33,-38.12,1974,6,30,4.7,174.9
-71.22,-39.63,1974,7,15,4.2,55
-70.59,-35.18,1974,8,24,4.2,0.1
-71.06,-35.33,1974,9,7,4.8,90.1
-71.95,-38.01,1975,5,12,4.1,41.2
-70.96,-36.02,1975,5,20,4.9,107.9
-70.34,-38.38,1976,1,7,4.7,154.3
-70.66,-35.11,1976,2,15,4.8,101.4
-71.49,-36.12,1976,5,22,5,75.9
-71.54,-38,1976,8,28,4.5,37
-71.1,-38.16,1978,1,2,5.5,126.8
-70.1,-36.26,1978,5,17,4.5,185.4
-71.19,-36.04,1978,7,19,4.6,104
-70.79,-38.86,1979,2,21,4.7,155
-71.19,-35.71,1979,3,20,5.4,88.8
-71.91,-40.28,1979,4,19,4.5,33
-71.39,-36.13,1979,10,8,4.8,81.6
-71.34,-35.99,1979,12,26,5.6,86.8
-70.56,-39.5,1980,1,30,4.8,33
-70.69,-35.02,1980,6,29,4.2,33.3
-71.09,-37.23,1980,7,5,4.4,136.3
-70.94,-35.06,1980,10,25,4.2,92.6
-71.69,-35.51,1981,3,16,5.4,71.9
-70.71,-37.23,1981,7,31,4.6,122.3
-70.58,-36.78,1981,11,28,4.5,134.3
-71.7,-36.5,1982,4,8,4.8,92.9
-70.87,-36.5,1982,11,26,4.8,150.3
-71.54,-36.13,1983,7,31,4.6,89.5
-71.27,-35.98,1983,11,15,4.9,103.3
-70.42,-37.25,1984,4,29,3,33
-70.82,-35.57,1984,6,6,5,125.9
-69.97,-35.82,1984,9,12,4.2,169.1
-71.65,-35.55,1984,9,19,4.9,75
-70.67,-35.17,1985,2,8,3.9,0.7
-71.2,-35.59,1985,9,10,4.5,117.3
-71.42,-39.34,1985,9,18,4.9,33
-70.25,-38.53,1985,10,2,4.6,112.5
-70.6,-35.21,1985,11,4,5.3,28.9
-71.12,-35.31,1985,12,18,4.6,94
-70.19,-35.07,1986,4,23,3.7,169
-70.6,-35.2,1986,4,24,4.1,33
-70.85,-35.26,1986,5,13,4.1,5
-70.41,-37.25,1986,7,21,4,109.7
-71.85,-35.84,1986,8,3,3.8,5.3
-71.83,-37.1,1986,9,5,5.4,85
-70.47,-35.89,1986,9,30,3.7,20
-70.81,-35.9,1986,11,13,3.7,170.7
-71.02,-35.06,1986,11,22,3.6,104.8
-69.34,-36.42,1986,12,4,4.1,33
-71.04,-35.19,1986,12,6,3.7,99.3
-70.63,-36.65,1987,4,12,4.2,169.5
-70.86,-35.16,1987,6,29,3.9,88.7
-69.66,-35.17,1987,7,7,3.8,165
-71.99,-36.95,1987,7,8,4.1,30
-71.57,-36.14,1987,7,9,4.2,134
-71.96,-35.31,1987,7,23,3.9,30
-70.51,-37,1987,8,19,4.1,134.9
-69.95,-35.04,1987,10,13,3.7,147
-69.8,-37.06,1987,11,18,3.7,212
-70.33,-35.01,1987,11,22,3.9,10
-70.93,-35.35,1987,11,30,4.2,123.4
-71.15,-39.95,1988,2,11,4.8,152.2
-71.48,-35.05,1988,2,17,4,62
-71.65,-36.8,1988,2,28,4,151
-70.74,-35.58,1988,3,1,3.8,10
-71.1,-35.01,1988,3,26,4.1,75
-70.71,-36.38,1988,8,28,4.4,49.9
-70.63,-36.73,1988,9,3,4.1,171
-71.25,-35.97,1988,9,4,4.5,86.6
-71.24,-35.72,1988,11,6,3.8,117
-71.76,-38.1,1988,12,22,4.7,33
-69.99,-35.12,1988,12,30,4.6,140.4
-71.53,-38.5,1989,1,13,5,33
-71.06,-35.52,1989,2,26,4.4,84
-71.85,-35.03,1989,3,12,4.7,49.7
-70.01,-35.82,1989,4,15,4,184
-71.56,-36.44,1989,5,20,3.7,60
-71.39,-35.62,1989,6,13,3.6,127
-70.86,-36.63,1989,8,22,4,230
-71.56,-35.15,1989,8,23,3.7,71
-70.82,-35.11,1989,9,5,4,97
-70.98,-35.14,1989,12,18,3.9,127
-70.47,-36.58,1989,12,26,3.8,33
-70.95,-35.03,1990,1,15,3.9,101.8
-67.33,-35.03,1990,4,1,4.5,31.5
-70.85,-36.02,1990,5,5,4,156
-71.4,-35.84,1990,5,14,6.2,87.1
-69.96,-35.4,1990,5,27,4,180
-71.53,-35.07,1990,5,27,4.1,30.9
-71.47,-35.46,1990,5,29,3.9,143
-71.01,-37.88,1990,6,16,3.9,225
-69.94,-36.53,1990,6,17,3.8,140
-71.04,-35.02,1990,7,27,3.4,29
-70.95,-35.36,1990,8,14,4,86.2
-70.3,-35.95,1990,10,4,3.6,210
-70.96,-35.5,1990,10,13,4.1,76.6
-70.93,-36.14,1990,11,16,3.7,221
-71.44,-35.83,1990,11,30,3.9,113
-71.5,-35.45,1990,12,12,3.8,49.7
-70.49,-35.03,1990,12,30,3.8,142
-71.24,-36.13,1991,1,15,3.7,153
-71,-36.21,1991,1,24,3.7,33
-71.47,-36.86,1991,2,3,3.9,196
-70.64,-35.31,1991,2,8,4,12
-70.44,-35.8,1991,2,11,3.8,178
-71.97,-40.36,1991,2,13,4,33
-71.08,-37.87,1991,2,21,4.8,107.5
-70.51,-35.28,1991,3,20,4,10
-70.88,-35.2,1991,4,2,3.8,132
-71.57,-36.18,1991,4,10,3.9,0.1
-71.05,-35.48,1991,5,5,4,116.5
-71.55,-35.65,1991,5,12,3.7,160
-70.19,-35.02,1991,5,28,3.6,15
-71.76,-35.92,1991,5,30,3.7,80
-71.53,-35.45,1991,7,27,3.6,33
-71.07,-35.25,1991,8,14,4.7,107.2
-71.36,-35.19,1991,12,5,3.8,56
-71.97,-36.15,1992,1,29,3.9,140
-70.2,-35.73,1992,2,21,3.8,170
-71.98,-35.67,1992,2,23,3.9,90
-71.48,-35.84,1992,3,29,3.9,125
-71.18,-36.61,1992,4,24,4,180
-70.67,-35.1,1992,4,27,3.7,11
-71.22,-35.17,1992,5,16,3.7,100
-71.59,-36.26,1992,9,6,4,179
-70.69,-35.2,1992,9,11,3.2,110
-71.7,-36.78,1992,9,21,3.9,175.4
-70.68,-35.7,1992,10,14,3.6,33
-71.47,-35.58,1992,10,27,3.8,135
-70.44,-35.47,1992,11,13,3.9,10
-70.99,-35.07,1992,11,21,3.8,100
-69.95,-35,1992,11,25,3.7,140
-71.83,-35.76,1992,11,30,3.9,38
-71.86,-36.18,1992,12,8,4.1,100
-71.46,-36.12,1993,3,7,3.8,167
-71.43,-35.31,1993,3,8,3.8,82
-71.77,-35.67,1993,3,15,3.9,90
-70.13,-35,1993,4,14,4.4,12
-71.81,-37.17,1993,4,22,4.1,169
-70.8,-35.32,1993,4,26,3.4,15
-71.43,-35.49,1993,5,7,3.8,100
-71.01,-35.78,1993,5,22,4.2,13
-71.31,-35.47,1993,5,27,4,100
-70.86,-35.64,1993,5,29,3.7,10
-71.71,-35.64,1993,6,5,3.8,131
-70.64,-35.11,1993,7,8,3.8,3
-71.27,-35,1993,7,10,3.4,76
-70.47,-35.22,1993,11,29,3.8,10
-70.66,-35.82,1993,12,17,3.9,213
-71.16,-35.14,1994,1,8,3.6,101
-70.44,-35.42,1994,1,26,3.7,172
-70.48,-36.36,1994,2,14,4.1,2
-71.28,-35.39,1994,2,20,4.2,110
-70.51,-35.84,1994,3,1,3.9,201
-71.16,-35,1994,3,11,4,90
-71.38,-36.27,1994,4,16,3.9,183
-69.03,-36.13,1994,5,4,3.7,54
-71.34,-35.47,1994,5,7,3.7,120
-71.68,-35.05,1994,7,3,3.7,45
-71.39,-35.25,1994,7,14,3.9,99
-70.24,-35.16,1994,8,1,3.9,158
-70.66,-35.24,1994,8,8,3.7,5
-71.21,-35.12,1994,8,20,4,71
-71.4,-35.95,1994,8,27,4.2,152
-67.36,-35.05,1994,11,13,4.8,26.7
-71.18,-35.56,1994,11,26,3.8,152
-71.43,-36.22,1994,12,8,3.9,0.1
-71.19,-35.72,1994,12,9,4.2,120
-71.17,-36.52,1995,1,4,3.7,202
-71.96,-35.26,1995,1,9,3.9,41
-71.3,-36.05,1995,1,14,3.9,160
-70.55,-35.79,1995,2,5,3.7,186.7
-71.74,-35.37,1995,2,7,3.9,123.6
-70.87,-35.74,1995,4,15,4.6,1
-71.42,-35.3,1995,5,9,3.2,106
-70.67,-35.14,1995,6,26,3.6,5
-71.23,-35.33,1995,7,1,2.5,110
-71.27,-35.3,1995,7,21,3.7,108.1
-69.38,-36.45,1995,8,9,2.9,1
-71.42,-35.44,1995,8,10,2.5,119
-70.95,-37.18,1995,8,29,3.9,196
-71.46,-35.44,1995,9,8,2.9,114
-71.87,-35.44,1995,9,30,3.6,0.1
-70.6,-35.65,1995,10,9,4.1,0.1
-71.31,-35.21,1995,10,25,3.4,88
-70.77,-36.91,1995,11,9,3.4,138
-71.47,-35.23,1995,11,12,3.4,98
-71.1,-35.9,1995,11,14,3.7,164.4
-71.25,-35.25,1995,11,17,2.8,93
-71.85,-35.15,1995,12,27,4,34
-71.23,-35.48,1995,12,31,4,98
-72,-35.68,1996,2,12,4.1,38
-71.07,-35.14,1996,2,16,3.2,105
-71.75,-36.74,1996,3,10,3.2,194
-71.63,-35.33,1996,3,10,2.7,89
-70.5,-38.77,1996,3,27,3.8,182.9
-71.69,-36.49,1996,4,9,4.4,91.1
-70.6,-35.09,1996,5,24,3.6,0.3
-71.34,-35.53,1996,6,17,3.2,119
-71.98,-35.97,1996,7,2,3.9,33
-71.21,-35.32,1996,7,17,3.4,110
-71.24,-35.25,1996,7,17,3.2,107
-71.37,-36.38,1996,8,23,3.2,176
-71.23,-35.17,1996,8,26,3.2,4
-71.23,-35.4,1996,8,26,3.2,110
-71.4,-35.48,1996,10,17,2.8,110
-71.69,-35.23,1996,11,21,3.9,27
-71.17,-35.44,1996,12,7,4.2,97.6
-71.71,-36.06,1997,1,14,4,10
-71.88,-36.82,1997,1,22,3.2,179
-71.83,-35,1997,1,26,3.2,66
-71.43,-36.54,1997,1,29,3.8,181.6
-71.55,-35.42,1997,2,24,2.8,94
-71.75,-35.37,1997,3,15,3.9,5
-71.91,-35.47,1997,3,23,3.1,91
-70.57,-35.87,1997,4,10,1.6,216
-71.09,-35.28,1997,4,10,3.4,125
-71.06,-35.77,1997,5,4,3.9,1
-69.9,-35.84,1997,5,6,3.6,174.6
-71.43,-35.61,1997,5,14,3.4,114
-71.42,-35.31,1997,7,15,3.4,98
-70.77,-36.78,1997,8,14,4.5,176.6
-70.49,-36.05,1997,8,28,3.9,216
-70.31,-35.15,1997,8,28,3,148
-71.09,-35.88,1997,10,11,2.4,160
-70.41,-35.14,1997,10,17,3.7,3
-70.37,-36.3,1997,10,19,4.9,154.6
-71.99,-35.31,1997,11,23,3.8,1
-71.18,-37.5,1997,12,11,3.4,181.1
-71.2,-35.07,1997,12,28,3,107
-70.35,-35.32,1998,1,19,3.6,174
-71.2,-35.34,1998,1,22,3.2,108.6
-70.79,-35.67,1998,1,28,4.8,42.4
-71.77,-36.84,1998,2,25,4,192.3
-71.04,-35.61,1998,3,1,2.8,117.3
-70.66,-35.29,1998,3,31,3.8,1
-71.63,-35.4,1998,4,1,4,93
-71.23,-35.17,1998,4,28,3.2,94
-71.84,-35.23,1998,5,13,3.9,14
-70.96,-35.49,1998,5,18,3,118.8
-71.05,-36.58,1998,6,20,1.6,219
-71.77,-35.68,1998,6,22,2.7,96.2
-70.54,-35.24,1998,6,26,3.6,5
-70.44,-36.2,1998,7,1,2.9,209.4
-71.96,-36.79,1998,7,1,2.8,116.5
-71.41,-36.26,1998,7,12,2.5,182.3
-70.94,-35.56,1998,7,18,4.2,0.1
-70.97,-35.29,1998,7,19,2.4,105
-71.75,-36.22,1998,7,20,3.4,60
-71.3,-36.03,1998,8,3,3.6,174.3
-71.38,-36.63,1998,8,23,3.2,184
-71.18,-35.14,1998,8,26,2.7,100.6
-71.6,-35.62,1998,9,4,3.6,12.6
-71.21,-35.08,1998,9,7,3,86.9
-70.32,-35.28,1998,9,11,3.2,164
-71.44,-35.19,1998,9,16,2.9,86
-70.5,-35.18,1998,10,1,3.7,15
-71.19,-39.97,1998,10,6,4.6,180.7
-70.65,-35.06,1998,10,15,3.2,5
-71.42,-35.39,1998,10,15,2.8,103.1
-71.78,-38.62,1998,10,16,4.1,33
-71.36,-35.6,1998,10,20,3.2,117.8
-71.73,-36.6,1998,10,26,3.9,5
-71.48,-35.38,1998,10,31,3.4,103.8
-70.25,-36.04,1998,11,1,2,204
-71.56,-35.33,1998,11,1,3.8,89
-70.64,-35.95,1998,11,4,2.8,193.8
-71.42,-35.31,1998,11,7,3.1,62
-70.22,-35.09,1998,11,15,2.5,145
-69.99,-35.12,1998,12,1,3.2,186
-71.34,-35.33,1998,12,5,2.8,94.4
-71.56,-35.58,1998,12,6,2.9,116
-71.35,-35.21,1998,12,26,3.6,87
-68.82,-35.03,1999,2,12,3.9,5
-71.15,-36.28,1999,2,16,2.8,175
-71.51,-35.63,1999,2,19,2.8,97.4
-71.86,-35.28,1999,3,2,3.4,26.3
-71.44,-35.45,1999,3,4,2.8,93.8
-69.7,-35.07,1999,3,7,3.7,7.7
-71.35,-35.27,1999,3,20,3.2,111.1
-71.66,-40.01,1999,3,27,5.5,45.9
-70.55,-35.08,1999,4,7,3.8,0.1
-71.34,-35.54,1999,4,12,2.3,133.4
-71.92,-37.39,1999,4,16,4.2,83.6
-71.26,-36.43,1999,4,22,3.4,182.7
-71.39,-35.67,1999,4,28,3.6,108.7
-71.76,-35.72,1999,5,19,3.8,5
-70.92,-36.48,1999,5,21,3.2,218.1
-70.47,-36.79,1999,5,22,5.3,156.1
-71.28,-36.92,1999,5,23,3.7,33
-71.31,-35.21,1999,5,24,2.5,99.6
-71.79,-35.28,1999,6,1,3.6,44.7
-70.28,-35.41,1999,6,6,3.4,177.1
-71.43,-35.06,1999,6,7,3,72.7
-70.33,-35.16,1999,6,12,2.7,161.7
-71.52,-36.05,1999,7,25,3.4,133
-68.45,-35.1,1999,8,21,3.6,3.4
-71.74,-36.75,1999,8,24,3.2,165.1
-70.92,-39,1999,9,27,4.4,155.9
-71.25,-35.13,1999,9,28,3.1,86.7
-69.53,-35.2,1999,10,4,4.1,180.6
-71.96,-35.54,1999,10,25,3.2,29.2
-71.64,-35.5,1999,10,30,3.2,92.1
-70.24,-35.15,1999,10,30,3.1,156.5
-70.75,-35.14,1999,11,23,3.2,14.4
-71.42,-37.67,1999,12,9,3.8,247.2
-71.36,-36.08,1999,12,13,2.9,147.1
-71.02,-36.11,1999,12,22,3,204.5
-71.46,-35.41,1999,12,29,3.1,108.5
-70.37,-35.82,2000,5,10,3.4,193
-71.69,-35.2,2000,5,11,4,54.5
-69.92,-35.39,2000,5,17,3.8,157.9
-71.05,-35.38,2000,5,27,2.9,116.3
-71.45,-35.46,2000,6,3,3.8,44.3
-71.64,-35.42,2000,6,19,2.9,89.3
-70.28,-35.2,2000,6,27,4.1,14.1
-70.7,-35.02,2000,7,30,3.8,116.1
-70.91,-36.33,2000,8,10,2.3,195
-70.85,-35.41,2000,8,14,3.6,110
-71.23,-35.17,2000,9,11,3.6,92.4
-71.66,-35.79,2000,9,19,3.8,5.6
-71.12,-35.25,2000,9,22,3.4,112
-70.52,-36.56,2000,10,23,4.2,182.9
-71.8,-35.95,2000,10,24,3.9,81.2
-70.13,-35.17,2000,11,12,4,18.6
-71.13,-35.06,2000,11,17,3.1,112.4
-71.45,-35.01,2000,12,5,3,61.3
-71.62,-35.88,2000,12,28,3.9,134
-70.43,-35.52,2000,12,30,2.8,186.9
-71.64,-40.43,2001,1,6,4.5,78.9
-71.45,-37.12,2001,1,7,4,5.1
-71.3,-36.23,2001,1,22,2.8,141.7
-70.75,-35.62,2001,1,27,3.6,4.1
-71.39,-35.58,2001,1,29,3,112.5
-71.28,-36.39,2001,2,1,4.9,8.7
-71.49,-35.32,2001,2,5,4,95.4
-71.88,-36.97,2001,2,7,4.1,28.3
-71.95,-35.85,2001,2,15,3.2,83.4
-70.71,-35.5,2001,2,17,3.8,2.6
-71.54,-35.58,2001,2,22,3,94
-70.74,-35.6,2001,2,26,3.8,7.9
-71.18,-35.06,2001,3,4,3.2,105.3
-70.79,-37.36,2001,3,19,4.8,35.4
-70.67,-35.44,2001,3,22,3.6,10
-71.4,-35.96,2001,3,26,3.1,144.5
-70.6,-35.88,2001,5,11,3.1,191.1
-71.39,-36.36,2001,6,5,3.6,164.5
-71.34,-35.33,2001,6,9,3.2,95.6
-71.03,-37.15,2001,6,29,3.2,158.5
-71.19,-35.12,2001,7,8,2.9,98.1
-70.72,-35.35,2001,8,2,3.4,0.1
-71.36,-35.54,2001,8,14,2.7,98.7
-71.21,-37.28,2001,8,19,3.2,177.8
-70.43,-35.2,2001,8,21,3.7,6.4
-71.47,-35.27,2001,8,31,2,102.1
-71.15,-35.17,2001,10,6,2.3,102.7
-70.58,-35.14,2001,10,10,3.9,3
-71.02,-35.47,2001,10,11,3.1,103.8
-69.82,-39.99,2001,10,24,4.1,0.1
-71.12,-35.05,2001,11,1,3.2,85.4
-70.36,-35.44,2001,11,3,3.2,181.5
-70.75,-35.41,2001,11,3,4,0.1
-71.24,-35,2001,11,5,4.4,93.8
-70.48,-35.04,2001,11,7,3.9,163.7
-70.6,-35.58,2001,11,7,3.8,0.1
-71.28,-35.3,2001,11,10,3.2,95
-71.4,-36.28,2001,11,14,4.3,0.1
-71.28,-36.78,2001,11,19,3.7,185.9
-71.14,-35.38,2001,11,20,3.6,105.9
-71.6,-36.72,2001,11,21,3.8,180.5
-71.48,-35.61,2001,11,24,3.2,102.2
-70.33,-35.12,2001,11,30,3.9,15
-70.89,-35.42,2001,12,7,3.4,0.1
-71.26,-35.33,2001,12,9,3.8,98.1
-71.21,-36.4,2001,12,13,4.2,5
-71.7,-35.58,2001,12,13,4,100.8
-71.25,-36.3,2001,12,18,2.4,0.1
-71.2,-35.31,2001,12,19,3.6,105.6
-71.09,-36.56,2001,12,22,3.7,5
-70.31,-35.09,2001,12,24,3,160.8
-70.54,-35.63,2001,12,27,3.8,33
-71.51,-36.17,2001,12,30,3.4,154.1
-70.43,-35.32,2002,1,15,3.6,172
-71.23,-35.07,2002,1,21,3.7,11.7
-71.67,-35.98,2002,1,23,4,111.3
-70.66,-35.49,2002,1,23,3.4,15
-71.39,-35.57,2002,1,24,3.1,109.6
-71.02,-36.73,2002,1,28,2.7,170.3
-71.72,-35.77,2002,2,2,3.4,38.2
-71.4,-36.64,2002,2,2,3.2,195
-70.48,-35,2002,2,16,4.1,0.1
-70.89,-37.35,2002,2,20,3.6,133.5
-68.32,-35.25,2002,3,2,4,16.2
-70.95,-35.29,2002,3,12,2.7,118.1
-70.54,-35.34,2002,3,13,4,15
-71.72,-35.58,2002,3,16,3.8,94
-70.61,-35.97,2002,3,26,3.2,197.7
-69.04,-35.05,2002,3,27,3.6,6
-71.95,-35.83,2002,3,27,3.3,93.2
-71.16,-36.4,2002,4,2,3.2,5
-71.51,-35.49,2002,4,3,3.9,103.8
-71.01,-36.78,2002,4,8,4.7,172.3
-71.89,-35.21,2002,4,15,3.4,20.6
-71.22,-35.36,2002,4,17,3.1,111.3
-71.05,-37.25,2002,4,28,4.2,150.6
-70.34,-35.04,2002,5,9,3.8,2
-71.31,-35.03,2002,5,10,4,98.8
-70.57,-35.11,2002,6,30,3.6,7.3
-71.61,-35.33,2002,7,4,3.3,72.1
-70.3,-35.19,2002,7,26,3.4,170.5
-68.12,-35.14,2002,8,16,4.6,5
-71.57,-36.52,2002,8,19,3.4,159.2
-71.29,-36.18,2002,8,19,3,0.1
-71.66,-36.74,2002,8,20,2.4,66.9
-70.51,-35.38,2002,8,24,3.8,16.8
-71.5,-35.47,2002,8,26,3.4,108.5
-70.34,-35.02,2002,8,29,2.5,3
-71.44,-35.44,2002,8,30,3.8,103.6
-70.64,-35.16,2002,9,5,3.7,14
-70.59,-36.07,2002,9,8,3.7,187.8
-71.21,-35.06,2002,9,10,3.1,109.3
-71.86,-36.11,2002,10,5,3.7,16.5
-70.55,-35.23,2002,10,7,2.3,106.5
-70.72,-35.28,2002,11,3,3.4,157.7
-71.42,-35.95,2002,12,1,2.8,145
-70.56,-35.11,2002,12,23,3,0.1
-71.35,-38.06,2002,12,24,2.9,105.3
-70.73,-36.82,2002,12,26,4.8,174.6
-71.59,-35.8,2002,12,28,3.2,102.3
-70.45,-35.45,2003,1,4,3.4,181.5
-71.38,-36.24,2003,1,4,2.9,18.4
-70.98,-35.02,2003,1,6,3.2,102.6
-71.98,-35.35,2003,1,21,2.7,10.4
-71.2,-35.11,2003,2,2,3.2,90
-68.99,-35.03,2003,2,12,3.3,10
-71.04,-36.07,2003,2,13,2.9,166.6
-71.23,-35.23,2003,2,16,2.2,82.4
-70.7,-36.08,2003,2,21,3.4,167.8
-71.32,-35.41,2003,2,21,3,102.2
-71.19,-35.57,2003,2,24,3.2,41.7
-70.7,-35.34,2003,2,27,3.4,6.3
-70.09,-35.82,2003,3,2,3,171.7
-70.09,-35.23,2003,3,5,3,15
-71.01,-36.3,2003,3,6,3,157
-71.88,-36.09,2003,3,11,3.2,97.4
-70.51,-35.18,2003,3,21,3.2,5
-71.38,-35.61,2003,3,22,3.2,105.5
-70.54,-35.29,2003,3,29,3.6,1.1
-71.45,-35.68,2003,3,31,3.4,117.6
-70.64,-36.22,2003,4,4,2.8,200.4
-71.1,-35.04,2003,4,4,1.9,98.7
-71.45,-35.5,2003,4,9,3.1,100
-71.64,-36.92,2003,4,15,3.7,8.4
-71.38,-35.33,2003,4,16,2.9,94.8
-71.29,-40.36,2003,4,26,4.1,174
-71.5,-35.44,2003,4,28,3.1,102.4
-70.93,-35.04,2003,5,25,3.2,112.7
-71.59,-36.37,2003,6,15,2.9,41.9
-71.48,-35.88,2003,7,10,4,117.5
-71.86,-36.08,2003,7,18,3.7,21.5
-71.89,-37.14,2003,7,18,2.5,120.5
-70.84,-36.01,2003,7,26,3.3,16
-71.79,-36.15,2003,7,26,4,105.2
-70.9,-35.84,2003,7,30,3.2,5
-71.38,-35.43,2003,8,7,2,89.4
-71.28,-35.35,2003,8,20,3.1,97.8
-70.21,-35.16,2003,9,16,2.8,162.4
-71.69,-35.71,2003,9,20,3.1,36.9
-71.34,-35.85,2003,9,24,3.6,116.7
-71.6,-36.94,2003,10,10,2.8,146.8
-67.66,-35.6,2003,11,1,5.1,33
-70.85,-37.8,2003,11,7,3.8,144.6
-67.9,-35.15,2003,11,18,5,33
-70.46,-35.03,2003,12,25,3.8,4
-70.17,-35.36,2004,1,5,3,172
-71.5,-35.57,2004,1,6,2.5,90
-70.27,-35.02,2004,1,16,2.8,150.6
-67.16,-35.33,2004,1,21,4.2,10
-71.56,-35.67,2004,1,22,3,102.1
-71.83,-35.69,2004,1,27,2.7,20.4
-71.47,-35.41,2004,2,2,3.1,97.5
-70.57,-35.32,2004,2,5,3.7,16
-71.68,-36.14,2004,2,7,3,81.3
-71.75,-36.73,2004,2,24,4.3,93.3
-71.22,-36.37,2004,2,25,2.8,3.1
-70.48,-36.26,2004,2,27,4,195.9
-71.58,-35.38,2004,2,27,2.9,85
-70.55,-35.29,2004,2,27,2.4,19
-71.48,-35.48,2004,3,1,3,98.6
-70.59,-35.07,2004,3,17,3.3,1.3
-71.59,-35.84,2004,3,20,3.6,74.4
-70.84,-35.8,2004,3,21,3.1,2.8
-71.75,-38.42,2004,3,24,3.4,85
-70.44,-35.12,2004,4,8,3.2,3.8
-71.53,-35.89,2004,4,18,3.2,125.1
-67.26,-35.41,2004,5,7,4,5
-70.23,-35,2004,5,9,2.5,158
-70.74,-35.64,2004,5,10,3,2.4
-71.25,-35.09,2004,5,13,2.3,102.8
-71.17,-35.4,2004,5,17,2.7,122.6
-71.19,-36.15,2004,6,21,2.7,31.2
-71.42,-35.24,2004,6,22,3.1,92.2
-71.39,-36.89,2004,8,6,2.8,35
-70.34,-35.32,2004,8,12,2.5,13
-70.92,-35.21,2004,8,13,2.5,117.3
-70.36,-35.01,2004,8,19,2.3,1
-68.49,-36.07,2004,8,20,3.7,76.1
-70.97,-40.26,2004,8,22,4.6,141.9
-71.88,-36.12,2004,8,22,3.3,80.5
-71.65,-36.02,2004,8,25,2.9,12.3
-71.25,-36.15,2004,8,25,3.4,144.7
-70.55,-35.06,2004,8,28,3,1.3
-71.47,-35.45,2004,8,30,2.9,89.7
-70.51,-35.09,2004,8,30,2.5,8
-71.25,-35.06,2004,8,31,2.7,99.8
-70.55,-35.07,2004,8,31,3.1,4
-71.48,-35.99,2004,9,4,3,111.4
-70.56,-35.02,2004,9,4,2.7,3
-70.98,-35.3,2004,9,4,2.8,105.7
-69.93,-35.42,2004,9,5,3.2,191.8
-70.56,-35.02,2004,9,5,3.2,1.1
-71.42,-35.49,2004,9,6,2.5,93.1
-70.28,-35.27,2004,9,6,2.9,168.4
-70.57,-35.02,2004,9,7,2,0.1
-71.36,-35.31,2004,9,10,3.3,88.1
-70.37,-35.09,2004,9,10,3.3,10
-70.97,-35.35,2004,9,11,3.3,104.6
-70.48,-35.04,2004,9,11,2.5,3
-71.76,-35.74,2004,9,13,3.1,86.6
-70.4,-35.47,2004,9,14,2.9,7
-71.52,-35.54,2004,9,17,3.2,101
-70.61,-35,2004,9,18,2.3,4
-71.27,-35.06,2004,10,15,2.5,84.4
-70.13,-35.06,2004,10,15,2.4,10
-71.74,-35.54,2004,10,22,3.1,91.6
-70.43,-35.12,2004,10,26,2.3,15.6
-71.17,-35.25,2004,10,26,2.8,104.2
-70.57,-35.01,2004,10,27,2.3,0.8
-71.57,-35.64,2004,11,6,3.7,112.7
-70.5,-35.05,2004,11,6,2.3,7
-71.19,-36.71,2004,11,6,4.4,117.1
-70.58,-35.02,2004,11,7,2.2,9
-71.44,-35.37,2004,11,9,2.7,133.3
-70.47,-35.08,2004,11,10,2.8,14.8
-70.93,-35.21,2004,11,10,2.4,114.1
-70.61,-35.12,2004,11,12,2.5,1.1
-71.85,-35.16,2004,11,18,3.1,71.4
-70.42,-35,2004,11,19,2.3,3
-71.81,-35.17,2004,11,20,2.9,65
-70.54,-35.08,2004,11,21,2.7,5
-70.63,-35.13,2004,11,25,2.4,102.3
-70.48,-35.12,2004,11,26,2.3,15
-70.58,-35.01,2004,12,2,2.2,2.1
-71.37,-35.38,2004,12,3,2.8,118.4
-70.58,-35.03,2004,12,5,2.3,7
-70.24,-35.24,2004,12,5,3.1,158.5
-70.26,-35.06,2004,12,7,2.4,15
-70.83,-37.47,2004,12,8,4.7,145.6
-70.53,-35.08,2004,12,12,2.7,0.8
-71.26,-35.26,2004,12,16,3.3,84.7
-70.5,-35.12,2004,12,17,2.2,3
-71.13,-35.11,2004,12,24,3.1,105.3
-70.5,-35.01,2004,12,26,2.3,2
-70.49,-35.04,2004,12,30,3.9,0.1
-71.36,-36.16,2004,12,31,3.2,78.6
-70.53,-35.05,2005,1,4,3.1,3
-70.28,-35.62,2005,1,14,3.1,187.5
-70.56,-35.07,2005,1,15,2.5,9.8
-71.19,-35,2005,1,21,3.2,98.7
-70.53,-35.06,2005,1,25,2.3,8.2
-71.35,-35.35,2005,2,11,2.7,86
-70.6,-35.02,2005,2,17,2.5,3.9
-71.86,-36.09,2005,2,19,4,113.7
-69.59,-35.48,2005,2,19,3.2,212.9
-70.57,-35.02,2005,2,20,2.3,10.7
-70.97,-39.28,2005,2,21,4,125.1
-70.61,-35.07,2005,2,23,2.7,5
-71.49,-35.55,2005,2,26,3.3,120.7
-70.59,-35.05,2005,2,28,2.3,5
-70.09,-36.32,2005,3,2,3.9,228.2
-70.43,-35.18,2005,3,2,2.4,15
-70.88,-35.05,2005,3,8,2.3,127.3
-70.46,-35.09,2005,3,17,2.5,0.8
-71.76,-35.12,2005,3,19,2.3,76.1
-70.51,-35,2005,3,28,3.2,10
-70.54,-35.78,2005,4,5,3,3
-70.95,-35.36,2005,4,6,2.7,117.6
-70.55,-35.01,2005,4,9,2.7,3
-71.45,-35.61,2005,4,12,3.1,114.3
-71.17,-36.86,2005,4,18,3.6,160
-70.59,-35.03,2005,4,27,2.7,6.9
-71.29,-35.03,2005,5,1,2.4,100.5
-70.89,-36.85,2005,5,20,3.3,150
-70.59,-35.07,2005,5,25,2.3,5
-71.37,-35.5,2005,5,26,3.2,92.8
-70.55,-35.05,2005,5,30,3.2,5.2
-71.16,-35.06,2005,5,30,2.7,96.2
-70.48,-35.07,2005,6,1,2.1,12.6
-70.47,-35.83,2005,6,6,3.3,192.8
-71.39,-35.79,2005,6,7,3.4,107.5
-70.6,-35.01,2005,6,10,2.9,6.8
-71.17,-35.04,2005,6,16,2.9,91.9
-70.58,-35.06,2005,6,25,3.2,5
-71.42,-35.45,2005,6,25,2.8,80.5
-70.57,-35.09,2005,7,3,3.1,0.1
-70.85,-35.07,2005,7,5,3,108
-70.35,-35.6,2005,7,11,3.2,150
-70.41,-35.06,2005,7,13,3.1,19
-71.39,-35.39,2005,7,14,4.5,81.2
-70.47,-35.1,2005,7,15,2.5,15.7
-71.9,-36.06,2005,7,16,3.8,101.5
-70.48,-35.06,2005,7,17,2.2,17.4
-70.24,-35.05,2005,7,18,2.8,154.5
-70.49,-35.1,2005,7,19,2.4,16.7
-71.23,-35.56,2005,7,22,3.3,104.5
-70.46,-35.25,2005,7,28,4.2,33
-70.51,-36.06,2005,7,30,3.2,198.5
-70.96,-35.78,2005,8,1,2.7,15.5
-71.71,-36.52,2005,8,1,3.3,90.1
-70.41,-35.03,2005,8,4,2.1,15
-70.32,-35.04,2005,8,5,4.8,159.8
-70.52,-35.1,2005,8,9,2.4,5
-71.41,-35.66,2005,8,12,2.9,103.6
-70.52,-35.02,2005,8,22,2.4,15.3
-71.43,-36.13,2005,8,28,3.2,147.1
-71.87,-35.64,2005,8,29,3.1,40.9
-70.94,-35.35,2005,8,30,3.2,109.6
-70.47,-35,2005,9,5,2.1,16.2
-71.66,-35.44,2005,9,7,2.7,95
-68.5,-35.03,2005,9,9,2.3,0.8
-71.15,-35.08,2005,9,11,2.5,104.2
-70.52,-35.02,2005,9,15,2.5,20.5
-71.33,-36.14,2005,9,16,3.1,144.7
-70.45,-35.17,2005,10,6,2.9,165.6
-70.48,-35.01,2005,10,7,3.1,16.3
-71.15,-35.07,2005,10,9,2.3,96.5
-70.59,-35.13,2005,10,23,2.9,16.8
-71.27,-35.44,2005,10,27,2.5,129.8
-70.35,-35,2005,10,30,2.3,20.6
-71.26,-35.44,2005,11,3,2.7,111.2
-70.5,-35.86,2005,11,4,3.4,193.8
-70.63,-35.08,2005,11,5,2.8,3
-71.98,-36.32,2005,11,5,2.9,64.5
-71.04,-35.05,2005,11,10,3.2,98.1
-70.56,-35.02,2005,11,10,2.3,17.5
-71.76,-35.77,2005,11,15,3.2,93.1
-70.57,-35.14,2005,11,17,2.7,19.8
-71.11,-35.04,2005,11,17,2.5,96.3
-70.44,-35.14,2005,11,19,2.7,20.4
-71.54,-36.66,2005,11,19,3.6,156.1
-70.93,-37.43,2005,12,5,3,19.8
-70.13,-35.32,2005,12,7,3.4,183.3
-71.28,-35.19,2005,12,8,2.9,93.6
-70.56,-35.02,2005,12,16,2.9,17.6
-71.15,-36.09,2005,12,22,3.2,133.3
-70.63,-35.05,2005,12,22,2.4,17.4
-71.7,-35.93,2005,12,27,3.3,91.3
-70.36,-35.12,2005,12,30,2.9,15.7
-71.42,-39.83,2005,12,31,4.6,147.7
-70.5,-35.01,2006,1,5,2.3,17.8
-71.11,-35.05,2006,1,8,2.3,107.9
-70.46,-35.04,2006,1,9,2.3,16.4
-71.19,-35.31,2006,1,11,2.8,105.2
-70.55,-35.05,2006,1,12,2,21.5
-71.55,-35.67,2006,1,13,3.2,102.8
-70.39,-35.14,2006,1,24,2.3,16.1
-70.9,-37.14,2006,1,24,3.2,147.5
-70.49,-35.06,2006,2,4,2.5,16.3
-70.87,-35.3,2006,2,9,3.1,106.9
-71.98,-39.32,2006,2,19,4.6,115.1
-71.72,-35.05,2006,2,25,3.4,55.5
-69.65,-35.76,2006,2,27,3.3,217.1
-71.42,-35.45,2006,3,1,2.8,124.5
-71.5,-35.81,2006,3,3,3.2,90.8
-70.16,-35.11,2006,3,11,3.1,159.5
-70.23,-35.13,2006,3,31,2.8,167.3
-71.67,-36.87,2006,4,7,3.1,6.4
-71.62,-35.73,2006,4,7,3.4,111.9
-70.47,-35.05,2006,4,8,2.9,17.2
-70.98,-35.25,2006,4,11,2.7,112.2
-70.48,-35.07,2006,4,11,2.8,16.9
-71.58,-35.55,2006,4,12,3.6,100.9
-70.53,-35.11,2006,4,14,2.3,17.1
-71.24,-35.73,2006,4,17,3.6,109.2
-71.17,-35.44,2006,4,29,2.7,129.7
-70.53,-35.02,2006,5,5,2.3,20
-71.61,-35.92,2006,5,7,2.6,101.3
-70.77,-36.04,2006,5,8,2.8,163.4
-70.53,-35.04,2006,5,9,2,18.9
-71.11,-36.34,2006,5,18,3.8,0.1
-71.45,-35.51,2006,5,22,2.5,100.8
-70.38,-35.11,2006,6,2,2.1,16.1
-71,-35.27,2006,6,6,3.3,109.7
-70.56,-35.03,2006,6,13,3.7,17.8
-70.25,-35.17,2006,6,15,2.7,171.1
-70.56,-35.02,2006,6,17,2.4,18.8
-70.93,-35.34,2006,6,18,2.8,107.8
-70.39,-36.13,2006,6,22,3.1,206.3
-71.22,-35.1,2006,6,24,2.7,108.2
-70.42,-35.06,2006,6,24,2.5,12.9
-71.75,-36.08,2006,6,25,3.1,97.4
-71.16,-37.01,2006,6,29,4,158.7
-70.44,-35,2006,7,2,1.8,14.9
-70.72,-35.54,2006,7,2,2.8,123.5
-70.47,-35.05,2006,7,10,3.6,18
-70.93,-35.33,2006,7,13,3.1,107.5
-70.36,-35,2006,7,30,3,17.6
-71.54,-35.59,2006,8,2,2.6,138
-71.73,-35.78,2006,8,3,3.9,71.3
-71.3,-35.67,2006,8,9,3.7,105
-70.59,-35.31,2006,8,11,3.4,2.8
-71.01,-35.34,2006,8,15,2.6,105.7
-70.58,-35.3,2006,8,17,3.4,15.2
-71.35,-35.46,2006,9,4,2.7,115.8
-70.47,-35.09,2006,9,9,2.1,17.3
-70.49,-35.11,2006,9,12,3,11.4
-71.11,-35.05,2006,9,17,2.4,89.5
-70.39,-37.97,2006,9,23,3.6,150
-71.37,-35.17,2006,9,24,2.8,86.7
-71.82,-35.28,2006,9,26,2.4,36.8
-70.51,-35.03,2006,10,6,2.1,12.7
-71.5,-36.26,2006,10,16,3.7,151.1
-70.56,-35.01,2006,10,21,2.1,17.8
-70.32,-35.45,2006,10,27,3,157.4
-71.97,-35.27,2006,11,6,2.5,45
-70.63,-35.07,2006,11,10,2.7,6.9
-71.33,-35.43,2006,11,16,3.1,109.8
-70.38,-35.11,2006,11,21,2.8,2
-71.09,-35.16,2006,11,23,2.5,105.4
-71.86,-35.01,2006,12,25,4.4,58.5
-71.34,-35.89,2007,1,3,2.8,130.2
-70.46,-35.03,2007,1,4,2.3,21.2
-70.84,-35.38,2007,1,4,3.3,103.7
-70.54,-35.02,2007,1,19,2.4,17.7
-71.41,-35.44,2007,1,20,2.3,96.8
-70.6,-35.04,2007,1,27,2.1,4
-70.98,-35.29,2007,1,31,3.6,115.7
-71.7,-35.93,2007,2,20,2.3,28.6
-71.18,-35.13,2007,2,22,2.7,103
-71.56,-35.05,2007,3,27,2.3,41
-70.55,-35.02,2007,4,13,2.4,17.5
-71.42,-35.2,2007,4,15,2.3,84.8
-71.17,-36.51,2007,4,30,2.8,147.1
-71.61,-35.13,2007,5,3,3.4,61.1
-71.25,-35.07,2007,5,9,2.7,93.2
-70.47,-35.08,2007,5,9,2.4,19.4
-71.32,-35.54,2007,5,13,4.1,96.3
-71.31,-35.46,2007,5,23,3.1,94.5
-71.73,-40.32,2007,5,27,3.8,33.5
-71,-35.19,2007,5,29,2.7,110.4
-71.41,-38.16,2007,6,1,4,14.9
-71.64,-35.82,2007,6,4,2.5,91.2
-71.14,-35.27,2007,6,18,2.3,143.9
-71.8,-36.01,2007,6,20,3.8,28.4
-71.11,-35.15,2007,6,22,3.6,109.3
-71.68,-35.5,2007,7,20,3.2,37.3
-71.25,-36.47,2007,7,25,3,169.1
-70.98,-35.34,2007,7,28,2.5,107
-70.79,-36.13,2007,8,6,3.8,207.6
-71.16,-35.55,2007,8,10,2.6,135
-70.78,-35.4,2007,8,18,2.3,3
-71.26,-35.45,2007,9,1,4,110.8
-69.35,-36.39,2007,9,7,3.2,0.1
-71.19,-36.87,2007,9,8,2.9,156.9
-70.58,-35,2007,9,20,2.2,19.7
-71.5,-35.28,2007,9,21,2.7,85
-70.55,-35.02,2007,9,26,2,17.2
-70.92,-35.12,2007,9,27,2.5,108.3
-70.26,-35.14,2007,10,7,2.9,156.1
-70.6,-35.18,2007,10,7,2.7,21.3
-71.15,-36.29,2007,10,15,3.2,146.4
-71.81,-38.86,2007,10,18,2.8,14.5
-71.63,-36.46,2007,10,20,3.2,113.3
-71.8,-40.15,2007,10,22,3.5,33
-71.2,-35.55,2007,10,28,2.7,109
-70.48,-35.03,2007,11,7,2.4,20.4
-71.18,-35.31,2007,12,9,3,103.5
-68.12,-35.2,2007,12,31,3.9,70
-70.36,-35.23,2008,1,12,2.7,36.3
-70.59,-35.15,2008,1,17,4.2,28
-70.63,-35.11,2008,3,20,2.3,9.8
-70.98,-35.3,2008,3,21,2.9,112.3
-71.04,-35.28,2008,4,3,3.7,114.8
-70.63,-35.12,2008,4,5,2.7,30.4
-71.02,-35.18,2008,4,15,2.8,106.6
-70.6,-35.23,2008,4,27,2.4,15
-71.25,-36.3,2008,4,29,3.9,166.1
-68.4,-35.5,2008,5,14,3.2,60
-70.02,-36.07,2008,5,27,4.6,225.4
-71.31,-35.44,2008,6,2,2.7,97.1
-70.54,-35.22,2008,6,5,3.2,8.3
-71.12,-35.1,2008,6,5,2.9,98.5
-70.53,-35.05,2008,6,8,3,35
-71.22,-35.44,2008,6,9,3.7,103.1
-70.64,-35.09,2008,6,16,2.7,24.9
-71.4,-35.76,2008,6,21,4.2,90.9
-70.45,-35.59,2008,8,4,2.6,3.8
-70.64,-35.2,2008,8,13,4.1,154.2
-71.94,-36.07,2008,9,11,3.3,70.3
-70.5,-35.05,2008,10,6,3,9.3
-70.3,-35.18,2008,10,7,3.6,185.2
-70.84,-35.36,2008,10,18,4.1,29.9
-71.55,-35.41,2008,10,23,3.2,90.5
-71.38,-35.81,2009,1,11,3.2,101.1
-70.77,-36.93,2009,2,10,4.2,154.9
-71.5,-36.05,2009,2,12,4.5,89.7
-71.52,-40.34,2009,3,2,4.5,174.2
-71.45,-35.62,2009,3,2,3.2,78.3
-70.26,-35.16,2009,3,12,3.2,165.7
-71.94,-35.28,2009,3,16,3.4,52
-70.33,-35.04,2009,5,8,2.8,25.4
-71.26,-35.25,2009,5,26,3.3,22.2
-71.47,-35.29,2009,5,31,2.5,95.3
-71.74,-36.05,2009,6,4,2.7,15
-70.61,-35.15,2009,7,9,2.8,16.3
-70.34,-35.74,2009,7,21,3.7,189.7
-71.23,-35.62,2009,8,1,4,105.3
-69.89,-37.82,2009,8,8,4.6,40
-70.54,-35.29,2009,12,6,3,154.9
-70.57,-35.15,2009,12,27,2.8,10.3
-71.39,-36.27,2010,1,4,3.6,72.4
-71.75,-35,2010,2,27,4.9,21.8
-71.67,-37.43,2010,3,1,3.3,100
-71.74,-35,2010,3,1,4.9,35
-69.19,-35.54,2010,3,5,4.2,151.5
-71.75,-35.6,2010,3,5,4.5,35
-71.21,-36.38,2010,3,13,3.2,10.9
-71.97,-35.27,2010,3,17,4,18.9
-71.47,-35.05,2010,3,18,3.2,82.1
-71.69,-37.89,2010,3,20,4.5,35
-71.98,-35.03,2010,3,20,3.8,25
-69.63,-35.63,2010,4,3,4.1,10
-71.25,-35.3,2010,4,3,3,95.8
-72,-36.38,2010,4,16,4,114.3
-72,-35.05,2010,4,17,2.9,26.3
-71.25,-35,2010,4,21,2.7,95.8
-71.91,-35.21,2010,4,21,3.3,51.5
-70.45,-35.37,2010,5,29,4.3,19.7
-71.03,-35.08,2010,5,30,3.4,114.5
-71.07,-36.39,2010,5,31,4,18.7
-70.05,-35.8,2010,6,1,3.3,121.3
-71.88,-35.12,2010,6,5,3.7,44.4
-70.86,-37.11,2010,6,8,4.5,142.9
-71.93,-35.08,2010,6,18,3.1,41.7
-71.68,-35.8,2010,6,26,3.7,110.2
-71.97,-35,2010,6,27,4.5,31.4
-71.95,-35.01,2010,6,28,2.7,27.4
-71.12,-36.27,2010,7,1,3.7,149.4
-71.8,-36.52,2010,7,4,4.3,31.5
-71.01,-35.29,2010,7,5,3,112.4
-71.9,-35.12,2010,7,18,4.1,43.9
-70.93,-35.25,2010,7,25,2.7,117.9
-69.18,-35.03,2010,8,15,2.9,100.3
-68.23,-36.24,2010,9,6,4.8,251
-70.49,-35.32,2010,9,6,5,13.4
-71.37,-35.03,2010,9,15,2.9,82.2
-71.33,-39.92,2010,10,15,4,125
-71.09,-35.02,2010,10,31,2.7,94.3
-71.84,-35.12,2010,11,3,3.6,49.6
-71.83,-35.13,2010,11,22,2.6,57
-71.46,-36.16,2010,11,23,4,138
-70.95,-36.66,2010,11,27,3.7,190
-71.93,-35.21,2010,11,28,4.1,65.1
-70.01,-35.46,2010,12,10,2.4,168.9
-70.62,-36.07,2010,12,13,3.7,0.1
-71.07,-35.01,2010,12,17,3.4,98.7
-71.98,-35.08,2010,12,21,4.3,34.9
-70.35,-35,2010,12,25,4.1,187.9
-71.91,-35.17,2011,1,2,4.5,43.4
-70.95,-35.31,2011,1,3,3.4,110.4
-71.42,-36.39,2011,1,4,3.3,0.1
-70.98,-35.07,2011,1,6,3.9,106.5
-71.5,-36.13,2011,1,13,4,108.7
-71.91,-37.69,2011,1,21,4.8,17.5
-71,-35.06,2011,2,2,3.6,115.5
-71.07,-36.91,2011,2,4,3.3,0.1
-71.91,-35.14,2011,2,17,2.5,237.5
-70.1,-35.29,2011,2,18,4.7,73
-71.68,-36.31,2011,2,23,3.6,0.1
-71.45,-35.05,2011,4,4,2.7,104.2
-71.49,-35.93,2011,4,5,3.9,112.9
-70.71,-35.05,2011,4,7,2.2,27.3
-71.2,-35.05,2011,4,8,2.7,99.9
-68.65,-36.44,2011,5,2,3.1,23.6
-69.89,-35.45,2011,5,5,3.2,210.4
-71.3,-35,2011,5,12,2.9,68.9
-71.82,-40.9,2011,5,14,4.1,0.1
-71.58,-40.35,2011,5,17,4.6,138.2
-68.04,-35.73,2011,5,24,3.4,40
-70.88,-40.62,2011,5,29,3.4,155.9
-71.22,-36.38,2011,6,1,3.9,166
-71.96,-40.56,2011,6,2,3.3,4
-71.56,-35.61,2011,6,2,3.4,334
-70.86,-40.6,2011,6,3,3.3,128
-71.95,-40.47,2011,6,3,2.9,4
-70.55,-40.73,2011,6,3,2.8,147
-71.85,-40.48,2011,6,3,2.7,5
-71.97,-40.47,2011,6,4,3.1,139
-71.98,-40.46,2011,6,4,3.5,20
-70.56,-40.74,2011,6,5,3.3,157
-71.94,-35.1,2011,6,5,5.3,43.8
-71.91,-35.21,2011,6,24,2.6,63.4
-71.56,-36.07,2011,7,4,4.4,117.2
-71.79,-35.09,2011,7,18,2.3,46.3
-71.93,-35.12,2011,7,29,2.8,42.3
-70.35,-35.02,2011,8,21,2.8,153.5
-71.43,-35.04,2011,8,24,3.1,84
-70.22,-35.04,2011,8,27,3.4,154.6
-71.93,-35.06,2011,9,1,3.2,50.8
-69.97,-35.35,2011,9,3,3.9,209
-71.99,-40.33,2011,9,6,2.7,40.2
-70.53,-35.06,2011,9,15,3.1,21.2
-71.47,-35.01,2011,10,14,3.2,39
-70.95,-37.49,2011,10,19,4.2,240
-71.18,-35.12,2011,10,23,3.2,101.6
-71.3,-37.12,2011,10,29,3,152.6
-71.92,-35.14,2011,11,2,2.7,44.3
-70.93,-36.65,2011,12,10,3.8,137
-71.85,-35.03,2011,12,10,2.2,43.7
-71.13,-35.04,2012,1,29,3.3,103.8
-70.4,-35.36,2012,2,13,4,253
-71.5,-35.97,2012,2,14,2.8,99.4
-70.4,-35.36,2012,2,14,4,253
-70.17,-35.02,2012,2,14,2.8,15
-71.34,-35.34,2012,2,21,3.2,106.7
-70.52,-35.27,2012,2,22,2.4,17.1
-70.13,-36.23,2012,2,28,3.7,200
-71.87,-35.05,2012,2,29,2.6,41.6
-71.18,-35.07,2012,3,5,2.8,110.9
-71.94,-35.13,2012,3,8,2.3,44
-70.3,-35.88,2012,3,8,3.5,86
-71.91,-35.08,2012,3,14,3.8,42
-71.83,-35.48,2012,3,22,2.8,70.6
-71.52,-35.52,2012,4,5,2.9,106.2
-70.42,-35.34,2012,4,19,2.7,1.4
-71.52,-35.63,2012,4,20,2.9,103.8
-70.93,-37,2012,5,16,4.3,174
-70.69,-36.99,2012,5,24,5.1,169
-71.42,-35.16,2012,5,28,3.1,99.6
-70.4,-35.39,2012,5,31,2.3,1.9
-71.35,-35.87,2012,5,31,3.3,106.6
-70.37,-35.32,2012,6,6,2.2,4.8
-71.46,-36.09,2012,6,10,2.9,115
-70.32,-35.37,2012,6,11,2.9,4.3
-71.28,-35.07,2012,6,13,3.7,84.6
-70.88,-36.09,2012,6,14,3.1,5.4
-70.25,-35.4,2012,6,16,3.6,163
-71.32,-36.49,2012,6,17,4,59.1
-70.35,-35.95,2012,6,30,3.4,15
-71.11,-35.04,2012,7,12,2.8,106.4
-71.05,-36.08,2012,7,14,4.8,10.5
-70.95,-36.68,2012,7,16,3.8,164
-70.38,-35.38,2012,7,23,2.1,1.8
-70.58,-36.07,2012,7,26,3.3,182
-71.99,-35.08,2012,8,3,2.9,34.1
-70.02,-35.8,2012,8,22,3.6,210
-71.94,-35.32,2012,8,22,3.2,18.1
-70.97,-35.2,2012,8,23,3.4,105.9
-69.48,-35.22,2012,8,26,2.8,190
-70.45,-35.4,2012,8,27,2.4,0.1
-71.67,-35.77,2012,9,4,4.7,100.9
-69.91,-35.93,2012,9,23,3,10
-71.2,-35.14,2012,9,23,2.8,115
-70.64,-36.32,2012,9,28,2.9,293.9
-70.39,-35.21,2012,9,30,2.5,1.4
-71.03,-35.05,2012,10,9,2.8,113.7
-71.83,-35.09,2012,10,15,2.9,60.2
-71.5,-35.37,2012,10,21,3.3,108.5
-71.54,-35.72,2012,10,25,2.8,19.7
-71.65,-35.47,2012,10,27,3.7,99.5
-71.21,-37.4,2012,11,6,3.3,14.4
-71.22,-35.12,2012,11,24,3.3,118.2
-71.19,-35.04,2012,12,1,2.4,109.3
-71.86,-35.24,2012,12,4,3.4,16.4
-71.8,-35.43,2012,12,14,3.4,96.9
-70.48,-35.26,2013,1,2,1.9,1.5
-69.83,-35.02,2013,1,13,3,190
-71.86,-35.93,2013,1,18,3.3,44
-70.5,-37.29,2013,1,19,3.2,144.8
-71.18,-37.05,2013,1,24,2.7,172.3
-71.75,-35.53,2013,2,7,2.9,102.8
-69.32,-36.13,2013,2,10,3,282.9
-71.85,-35.01,2013,2,12,3.2,8
-71.54,-35.92,2013,2,27,2.5,103.7
-71.35,-35.31,2013,3,5,3.2,105.3
-71.15,-37.84,2013,3,15,2.9,1.9
-71.35,-36.78,2013,3,16,3.1,162.7
-71.83,-35.19,2013,3,20,3,39.3
-69.82,-36.68,2013,4,4,3.6,182.5
-70.52,-36.12,2013,4,5,3.2,13.2
-71.09,-37.1,2013,4,7,4,155.5
-71.82,-35.7,2013,4,9,3,84.9
-70.48,-36.11,2013,4,11,3,1.6
-71.21,-36.4,2013,4,16,3.8,148.3
-71.8,-35.32,2013,4,19,2.9,61.1
-70.33,-35.36,2013,5,5,2,1.1
-71.22,-35.45,2013,5,5,2.7,85
-70.48,-35.38,2013,5,5,3,15
-70.91,-36.84,2013,5,19,3.9,122.4
-70.88,-37.87,2013,5,27,2.7,3
-71.46,-36.07,2013,5,27,4.8,119.6
-70.48,-35.29,2013,5,29,2.3,4.6
-71.3,-39.37,2013,6,5,4.4,139.7
-70.48,-35.27,2013,6,13,2.5,2.9
-71.66,-35.77,2013,6,24,2.9,69.4
-70.38,-35.37,2013,7,8,1.9,3.6
-70.78,-35.92,2013,7,21,3.3,153.3
-70.71,-36.1,2013,7,28,3.2,164
-70.56,-35.21,2013,8,3,2.1,7.6
-70.51,-35.95,2013,8,6,3,188.9
-71.45,-35.49,2013,8,9,2.7,91.6
-71.38,-35.84,2013,8,9,2.9,98.1
-71.2,-37.98,2013,8,23,3.6,10
-71.27,-35.14,2013,8,27,3.7,99.7
-70.35,-35.31,2013,9,3,2.1,8.4
-70.97,-35.32,2013,9,16,3.4,117.2
-71.94,-35.14,2013,9,23,2.7,43.4
-70.45,-35.37,2013,9,26,2.9,7.8
-71.34,-35.64,2013,9,29,4.6,103.8
-71.28,-35.77,2013,10,10,4.3,110.4
-70.03,-35.81,2013,10,31,3.1,166
-71.97,-35.2,2013,10,31,4.1,48.8
-71.19,-36.71,2013,11,14,3.9,15
-70.94,-36.15,2013,11,18,3.9,209.7
-71.28,-35.73,2013,11,25,2.9,104
-67.2,-35.7,2013,12,1,3.4,7
-70.93,-36.58,2013,12,5,3.6,162
-71.34,-37.04,2013,12,12,3,17
-71.67,-38.05,2013,12,25,3.8,148.6
-70.74,-35.75,2014,1,5,2.6,13
-71.17,-35.08,2014,1,5,2.7,115.4
-71.11,-37.88,2014,1,23,3.2,2.6
-71.21,-36.67,2014,1,24,3,133.1
-71.19,-36.97,2014,1,26,2.6,6.8
-69.96,-35.64,2014,1,29,3.6,118
-71.54,-35.83,2014,2,9,3.1,102.6
-71.62,-35.34,2014,2,13,3.8,126.4
-71.31,-35.12,2014,2,23,4.4,10.3
-71.32,-36.06,2014,2,25,3,91.6
-71.47,-35.39,2014,3,12,2.7,120.2
-71.89,-39.42,2014,3,27,2.3,7.5
-71.72,-37.27,2014,3,29,2.8,78.7
-71.12,-37.85,2014,4,18,2.8,1.8
-71.67,-35.99,2014,4,19,2.9,86.1
-71.62,-38.37,2014,4,22,2,9
-71.17,-35.07,2014,4,25,3.1,101.8
-70.76,-36.68,2014,4,26,3.1,170
-70.57,-35.22,2014,5,11,1.9,8
-71.28,-36.3,2014,5,14,4,118.4
-71.84,-35.24,2014,6,4,2.8,44.9
-71.55,-36.66,2014,6,16,4,108.1
-70.09,-36.95,2014,6,21,3.8,218
-71.9,-39.51,2014,6,23,1.7,4
-70.1,-35.42,2014,6,24,3.7,168
-71.11,-37.76,2014,7,4,3.1,2
-71.47,-35.68,2014,7,5,2.9,103.9
-71.72,-38.83,2014,7,11,1.3,15
-71.11,-37.17,2014,7,29,3.9,178
-71.67,-38.67,2014,7,31,3.9,11.4
-71.85,-35.82,2014,7,31,2.9,75.1
-71.61,-36.13,2014,8,19,3.1,83.2
-71.08,-37.8,2014,8,23,2.3,3.8
-71.69,-37.69,2014,8,24,3.1,106.9
-71.66,-38.55,2014,9,6,2.4,9
-71.38,-35.44,2014,9,7,3.1,76.1
-71.74,-38.84,2014,9,10,2,11.8
-71.51,-36.22,2014,9,18,3.1,102.3
-71.71,-39.13,2014,11,13,2,9
-71.15,-35.04,2014,11,24,2.7,87
-71.15,-37.88,2014,11,26,2.5,5
-71.8,-36.21,2014,12,8,2.9,91
-71.61,-38.6,2014,12,8,2.6,9
-71.73,-35.72,2014,12,21,4.5,82
-70.56,-35.22,2014,12,26,2.1,3.9
-70.88,-36.07,2014,12,30,3.9,163.3
-71.78,-36.48,2015,1,13,4.1,66.5
-70.46,-36.79,2015,1,21,3.9,197
-71.17,-37.15,2015,1,28,3.3,116.1
-71.88,-39.43,2015,2,10,2.3,8.8
-71.77,-36.66,2015,2,10,3.6,87.6
-71.35,-36.91,2015,2,10,2.9,3
-71.14,-35.08,2015,2,18,4.5,106.6
-71.85,-39.44,2015,2,19,2.4,9
-70.07,-35.53,2015,2,24,4.3,172
-71.82,-35.24,2015,2,25,2.7,48.3
-71.36,-36.89,2015,2,26,3,3.3
-71.78,-35.91,2015,3,2,3.2,71.7
-71.16,-37.84,2015,3,7,3,1.5
-71.27,-36.77,2015,3,12,2.7,106.4
-70.57,-35.28,2015,3,12,2.1,1.2
-71.49,-36.5,2015,4,1,3.9,100
-71.78,-38.94,2015,4,4,1.8,9
-70.03,-35.46,2015,4,8,3.3,142
-71.88,-39.43,2015,4,11,2.4,9
-71.4,-35.47,2015,4,27,3.9,109.3
-71.89,-39.42,2015,4,30,2.2,7.6
-71.25,-35.82,2015,5,2,3.3,114
-70.75,-35.59,2015,5,2,2.9,3.3
-71.66,-35.98,2015,5,3,3.6,92.6
-71.48,-35.29,2015,5,11,2.9,75.9
-71.78,-36.3,2015,6,18,3,152.9
-67.56,-35.56,2015,7,6,2.8,20
-71.24,-35.65,2015,7,8,3.6,104.8
-70.79,-35.13,2015,8,4,4.4,112.9
-71.05,-37.81,2015,8,19,1.9,4.4
-70.07,-35.65,2015,9,7,3.7,176
-70.93,-35.3,2015,9,13,3.2,110
-71.18,-37.83,2015,9,16,3.1,4.7
-71.73,-36.49,2015,10,2,4.7,109.9
-70.66,-35.63,2015,10,26,4.5,131
-68.12,-35.58,2015,11,10,2.7,17
-71.2,-36.12,2015,11,19,4,123.6
-71.01,-35.67,2015,11,23,2.7,8.4
-71.43,-36.37,2015,11,25,4.2,144.6
-70.61,-35.04,2015,11,30,3.9,14.1
-71.08,-35.06,2015,11,30,2.7,92.6
-70.41,-35.04,2015,12,12,2.7,7
-70.16,-35.26,2015,12,20,2.5,136
-71.11,-37.8,2015,12,21,2.5,10
-71.22,-35.07,2015,12,29,2.5,97
-71.05,-37.79,2016,1,1,2.5,10
-68.77,-35.12,2016,1,14,2.6,172
-71.03,-37.78,2016,1,14,2.9,9.3
-71.91,-35.77,2016,1,27,2.9,78.8
-71.05,-37.79,2016,1,29,2.5,10
-71.1,-35.08,2016,1,30,3.6,93.7
-71.34,-36.9,2016,2,11,3,1
-70.23,-35.32,2016,2,14,2.9,163.6
-71.92,-35.71,2016,2,21,2.6,55.2
-71.74,-38.77,2016,3,4,4,98.1
-71.17,-35.47,2016,3,15,2.8,100.8
-71.93,-39.4,2016,3,26,3,2.3
-71.69,-40.12,2016,3,27,3.8,120
-70.07,-36.07,2016,4,6,2.6,20
-70.88,-35.31,2016,4,9,3.2,107.9
-70.32,-35.08,2016,4,22,2.6,10
-71.13,-35.04,2016,4,26,2.6,99.2
-70.67,-36.66,2016,5,7,4.5,178
-71.31,-35.53,2016,5,10,4.1,99.9
-68.92,-36.06,2016,5,16,3.7,18
-71.11,-35.05,2016,5,28,2.8,106.2
-70.54,-35.05,2016,6,4,2.9,10
-71.13,-35.12,2016,6,8,3,104
-71.87,-35.17,2016,6,13,3,43.1
-70.56,-35.2,2016,6,29,3.2,4.8
-69.47,-35.21,2016,7,20,3.5,276
-71.41,-35.38,2016,7,22,2.5,92.4
-70.91,-36.08,2016,7,27,2.8,7.4
-71.36,-35.71,2016,7,29,2.9,99.8
-69.6,-35.08,2016,8,19,2.8,6
-70.24,-35.02,2016,8,19,2.7,159.3
-69.97,-35.21,2016,9,3,3,16
-71.52,-36.14,2016,9,3,2.9,86.7
-68.28,-35.6,2016,9,6,4,10
-71.24,-36.53,2016,9,7,3,142.7
-70.62,-36.68,2016,9,10,3.3,21
-71.05,-35.06,2016,9,10,2.2,102.4
-71.14,-37.85,2016,9,19,2.5,10
-71.55,-37.01,2016,9,24,3.9,106.8
-71.11,-37.85,2016,9,29,2.9,4.9
-71.79,-35.78,2016,10,4,2.7,66.4
-70.52,-35.25,2016,10,7,2.9,4.6
-71.25,-35.63,2016,10,8,3.6,111.1
-70.51,-35.25,2016,10,12,2.9,4.7
-71.32,-35.82,2016,10,17,3.7,121.4
-71.14,-37.85,2016,10,18,3.1,4
-71.42,-35.57,2016,10,24,2.8,91.7
-71.39,-36.66,2016,10,25,3.1,4.8
-71.32,-35.05,2016,10,29,2.8,74.4
-71.04,-37.09,2016,11,8,2.7,161
-71.07,-35.05,2016,11,10,2.5,90.1
-71.83,-39.45,2016,11,18,2.9,6.6
-71.72,-39.84,2016,11,23,3.4,134
-71.14,-37.85,2016,11,28,3.1,3
-71.26,-35.23,2016,12,1,2.5,90.7
-70.13,-35.48,2016,12,11,2.9,152
-70.5,-36.57,2016,12,25,2.8,30
-71.28,-35.8,2016,12,30,2.5,105.6
-71.24,-36.4,2017,1,4,2.7,165.4
-70.76,-35.59,2017,1,5,2.9,3.7
-71.11,-35.02,2017,1,6,3,95.9
-71.49,-36.17,2017,1,9,3.1,112.8
-71.97,-35.3,2017,1,12,2.7,31
-71.08,-35.83,2017,1,24,2.8,110
-70.66,-35.16,2017,2,19,2.4,7.9
-71.41,-35.48,2017,2,24,2.8,105
-70.76,-35.58,2017,2,25,3.6,3.7
-69.32,-36.42,2017,3,6,3.1,33
-71.96,-40.37,2017,3,6,4,149.4
-70.96,-35.24,2017,3,15,4.3,98.2
-70.53,-35.21,2017,3,25,2.6,14.7
-72,-36.21,2017,3,27,5,109
-70.65,-35.19,2017,3,29,2.9,9
-71.06,-35.16,2017,3,30,3,99.4
-71.9,-39.46,2017,3,31,2.8,15.9
-71.91,-36.4,2017,4,4,4,78.2
-69.7,-35.92,2017,4,5,4.1,213.2
-71.39,-35.71,2017,4,6,3.2,105.4
-68.75,-35.19,2017,4,13,2.9,40
-71.1,-35.13,2017,4,17,2.5,96.6
-71.97,-35.22,2017,5,4,3.1,24.6
-71.52,-35.85,2017,5,8,3,94.7
-70.2,-35.55,2017,6,17,3.2,188.2
-71.95,-35.14,2017,7,1,2.4,47.1
-71.1,-35.11,2017,7,10,2.5,100.5
-69.87,-36.91,2017,7,13,4.4,284
-70.13,-35.91,2017,7,20,3.9,164
-71.97,-35.33,2017,7,22,2.6,10
-71.86,-35.12,2017,8,9,4.6,47.7
-71.69,-35.98,2017,8,14,2.8,118
-71.36,-35.76,2017,8,16,2.5,104.7
-71.95,-35.65,2017,8,19,2.7,20.2
-70.85,-35.59,2017,8,23,2.5,120.1
-70.63,-35.17,2017,8,28,2.2,4.4
-71.7,-35.92,2017,9,1,3,77.2
-70.06,-35.2,2017,9,10,2.2,18.9
-71.25,-35.35,2017,9,11,3.4,109.9
-70.6,-36.64,2017,9,23,2.9,11.1
-69.55,-37.68,2017,9,26,4.6,231
-71.07,-35.64,2017,9,26,2.7,135.6
-70.38,-35.36,2017,10,7,3.1,184.7
-71.19,-35.22,2017,10,12,3,89.1
-68.13,-35.03,2017,10,14,3.1,26
-69.45,-35.02,2017,10,23,3.1,40
-71.34,-37.44,2017,10,25,3.7,150.7
-70.54,-35.21,2017,11,5,3,12
-71.08,-37.87,2017,11,11,2.8,23
-71.98,-37.22,2017,11,12,2.8,109.5
-71.15,-37.79,2017,11,13,2.8,10
-71.14,-36.02,2017,11,14,2.9,127.6
-71.83,-40.46,2017,11,15,4,193.6
-71.92,-39.44,2017,11,24,3,3
-71.16,-35.06,2017,11,30,3.1,95.8
-71.05,-37.34,2017,12,2,3.1,6.7
-70.33,-35.15,2017,12,13,2.7,166.6
-71.51,-37.08,2017,12,18,3.1,2.2
-71.43,-36.11,2017,12,18,2.7,120.6
-70.84,-38.75,2017,12,26,4.3,203
-69.98,-35.05,2017,12,27,2.9,24
-70.75,-35.59,2017,12,30,3,2
-71.11,-35.44,2018,1,2,2.9,111
-71.17,-36.94,2018,1,4,3.4,175.5
-71.38,-35.61,2018,1,5,2.5,93.7
-70.62,-35.53,2018,1,20,2.9,177.9
-71.33,-35.63,2018,1,20,2.7,106.5
-70.74,-36.64,2018,3,5,3.8,203
-67.56,-35.74,2018,3,6,3.3,50
-70.58,-35.17,2018,3,14,2.7,16.5
-71.34,-38.01,2018,3,15,2.7,131.7
-70.34,-35.11,2018,3,17,2.8,23
-71.87,-37.27,2018,3,19,2.7,101.4
-70.26,-35.56,2018,4,15,2.7,176.8
-71.41,-35.1,2018,4,19,2.7,69.4
-70.86,-38,2018,4,25,3,177
-71.23,-35.3,2018,4,26,2.7,87.4
-70.26,-36.26,2018,5,1,2.9,39
-71.39,-36.01,2018,5,3,2.7,126.9
-69.86,-35.06,2018,5,12,2.7,40
-68.99,-38.52,2018,5,31,3.4,12
-71.11,-37.1,2018,6,11,2.7,149.1
-71.99,-35.59,2018,6,11,2.9,73
-70.49,-36.64,2018,6,13,3.1,7
-71.22,-36.59,2018,6,27,2.7,184.3
-71.18,-35.41,2018,6,28,3.4,101.8
-70.93,-36.91,2018,7,2,3.2,162
-71.07,-36.44,2018,7,5,4,2.1
-71.9,-37.04,2018,7,9,2.6,96.5
-71.37,-36.87,2018,7,14,3.6,0.4
-71.04,-35.03,2018,7,14,2.5,91.8
-71.46,-36.87,2018,7,15,3.7,1.8
-70.59,-36.62,2018,7,19,2.5,19.5
-71.33,-35.74,2018,7,19,2.7,103.4
-70.51,-35.34,2018,7,22,2.5,19.6
-70.89,-35.39,2018,7,25,2.7,112.9
-70.9,-35.99,2018,8,5,2.6,9.2
-71.49,-35.63,2018,8,10,3.9,86.9
-71.9,-40.05,2018,8,14,2.4,8.9
-71.13,-35.63,2018,8,16,2.6,98.9
-70.2,-36.07,2018,8,18,3.3,189
-71.4,-35.66,2018,8,18,2.7,99.7
-70.74,-36.6,2018,9,1,2.7,8
-71.77,-39.8,2018,9,4,4.5,141.9
-70.53,-35.77,2018,9,6,3.2,205.1
-71.77,-36.11,2018,9,11,3.6,82.3
-71.17,-36.36,2018,9,12,2.5,12.8
-71.55,-36.68,2018,9,15,2.7,131.2
-71.05,-36.44,2018,9,19,2.8,1.3
-71.59,-37.78,2018,9,21,4.1,108.9
-71.16,-37.82,2018,10,7,3,3.5
-70.94,-35.32,2018,10,8,3,108.9
-71.17,-36.54,2018,10,16,2.6,152.8
-71.08,-37.81,2018,10,16,2.6,4.4
-71.8,-39.97,2018,10,17,4.2,150.7
-69.15,-36.09,2018,10,23,3.2,11
-71.3,-35.76,2018,10,31,2.4,116
-71.36,-35.6,2018,11,19,2.5,99.8
-71.47,-39.82,2018,11,26,4.5,170
-71.49,-36.89,2018,11,29,3,175.6
-71.8,-36.46,2018,11,30,2.2,85.8
-71.11,-37.82,2018,12,6,2.9,4.6
-69.77,-36.44,2018,12,9,3.5,187
-71.83,-35.11,2018,12,9,3,60.5
-69.31,-38.66,2018,12,20,3.1,2
-71.22,-35.36,2018,12,22,4,107.1
-71.88,-35.36,2018,12,29,2.5,47.4
-71.06,-35.19,2018,12,31,3.3,8.7
-71.14,-35.06,2019,1,2,2.7,92.8
-68.91,-38.51,2019,1,9,4,12
-71.92,-39.36,2019,1,12,3.1,107.8
-69.66,-36.1,2019,1,13,3.7,9
-71.18,-35.09,2019,1,13,2.4,84.8
-69.26,-38.53,2019,1,23,3.2,7
-71.14,-35.09,2019,1,28,2.7,91.9
-71.14,-37.85,2019,1,29,3,18
-71.64,-35.97,2019,2,8,2.8,84.7
-70.96,-37.94,2019,2,10,3.4,254
-71.02,-35.31,2019,2,10,2.1,69
-71.49,-36.03,2019,2,23,2.7,93.2
-72,-35.48,2019,2,27,3,60.4
-69.89,-35.22,2019,3,1,3.5,176
-71.04,-37.77,2019,3,2,3.1,1.8
-71.98,-36.85,2019,3,7,3.1,79.4
-70.73,-36.62,2019,3,12,2.9,9
-70.48,-37.15,2019,3,16,2.8,153
-71.25,-35.01,2019,3,21,2.9,84.3
-71.88,-35.25,2019,3,23,3.3,45.3
-70.37,-36.61,2019,3,27,4.2,15
-71.15,-36.15,2019,3,31,2.7,143.3
-71.18,-36.41,2019,4,6,2.5,7.9
-71.9,-35.28,2019,4,9,2.4,65.5
-71.74,-36.16,2019,5,4,2.4,75.6
-71.48,-39.6,2019,5,5,2.4,5.1
-71.38,-35.6,2019,5,7,4,97.2
-71.56,-36.56,2019,5,16,2.4,8.8
-71.55,-35.42,2019,5,16,2.7,84.7
-71.55,-36.55,2019,5,17,2.8,10
-71.27,-35.34,2019,5,23,2.8,96.2
-70.27,-35.91,2019,5,26,2.8,192.1
-70.95,-35.31,2019,5,30,2.1,102.1
-71.57,-36.54,2019,6,11,2.8,202.3
-71.86,-36.92,2019,6,14,2.9,99.4
-68.2,-35.16,2019,6,16,3,11
-71.27,-36.45,2019,6,23,3.2,130.4
-70.63,-35.18,2019,6,29,2.5,17.5
-71.12,-35.12,2019,6,29,2.6,85.7
-69.01,-38.33,2019,6,30,2.8,15
-70.98,-36.76,2019,7,9,4.4,170
-71.08,-35,2019,7,9,2.6,97.3
-69.18,-38.63,2019,7,10,2.6,8
-71.43,-35.44,2019,7,10,3.3,84.3
-71.37,-39.09,2019,7,13,2.5,156.8
-71.82,-35.98,2019,7,18,2.5,68.1
-68.98,-38.61,2019,7,31,2.7,7
-71.28,-35.84,2019,8,9,2.4,110.3
-71.13,-35.34,2019,8,11,2.7,181.2
-69.29,-38.53,2019,8,13,2.6,3
-69.43,-36,2019,8,14,3.6,238
-68.8,-38.53,2019,8,15,3,6
-71.13,-37.11,2019,8,16,3.3,179
-70.47,-37.04,2019,8,16,3.9,42
-70.99,-38.31,2019,8,16,2.7,160.3
-69.25,-36.41,2019,8,17,3,10
-71.39,-35.76,2019,8,26,2.5,99.5
-69.04,-38.4,2019,8,30,2.5,5
-70.94,-35.05,2019,9,2,3.4,103.1
-69.07,-38.68,2019,9,3,3,4
-71.78,-37.15,2019,9,8,2.7,103.4
-69.61,-38.13,2019,9,14,3.1,7
-71.56,-37.83,2019,9,17,2.9,141.8
-71.34,-36.88,2019,9,17,2.9,4.2
-71.03,-35.22,2019,9,20,2.6,106.5
-68.7,-38.52,2019,9,21,2.6,6
-71.55,-35.32,2019,9,24,2.4,67.7
-71.35,-36.88,2019,9,27,2.9,3.7
-71.38,-35.59,2019,10,1,2.6,89.5
-71.07,-37.83,2019,10,1,3.6,4.6
-71.12,-37.14,2019,10,3,2.7,141.9
-71.53,-36.98,2019,10,11,2.4,153
-68.8,-38.48,2019,10,12,3.5,11
-70.96,-35.32,2019,10,15,2.8,112.9
-70.31,-35.69,2019,10,20,2.4,199.6
-71.97,-40.25,2019,10,22,3.3,128.8
-71.12,-37.82,2019,10,22,3.1,0.5
-71.21,-35.45,2019,10,29,2.8,99.9
-69.14,-38.74,2019,11,4,3.8,3
-68.93,-38.7,2019,11,13,3.5,5
-69.93,-35.85,2019,11,13,3,185
-71.19,-35.52,2019,11,16,2.5,64.2
-70.11,-35.37,2019,12,8,3.1,163
-71.8,-35.19,2019,12,15,2,42.9
-70.91,-35.36,2019,12,20,2.6,108.9
-68.39,-38.25,2019,12,20,3.2,4
-71.19,-36.16,2019,12,21,2.7,110.6
-68.75,-38.25,2019,12,24,2.9,5
-71.2,-35.53,2019,12,25,2.5,103.4
-68.39,-38.26,2020,1,2,3.7,11
-71.26,-35.48,2020,1,3,3.1,103.8
-71.38,-40.34,2020,1,13,5.3,193
-71.83,-35.82,2020,1,15,2.4,64.6
-70.38,-35.14,2020,1,15,2.4,168.3
-71.37,-35.61,2020,1,16,3.1,93.2
-71.36,-36.86,2020,1,19,3,4.1
-71.85,-40.66,2020,1,23,3.2,167
-68.23,-35.1,2020,1,26,3.5,12
-71.18,-35.06,2020,1,28,2.7,89.5
-71.36,-36.87,2020,1,30,3.6,2.6
-71.07,-36.46,2020,2,4,2.8,147.3
-68.57,-38.13,2020,2,4,3.2,4
-71.38,-35.65,2020,2,4,2.7,98.9
-71.36,-36.87,2020,2,7,2.9,2.7
-71.14,-35.08,2020,2,10,3.8,98.1
-71.38,-36.85,2020,2,12,3.3,3.7
-70.63,-36.29,2020,2,22,2.8,125
-71.35,-36.89,2020,2,23,3.1,3.8
-71.2,-35.14,2020,2,28,3,95.8
-71.36,-36.87,2020,3,2,3.2,3.5
-70.92,-38.5,2020,3,2,3.9,176
-71.25,-35.22,2020,3,3,2.4,89.4
-70.15,-36.5,2020,3,10,2.6,44.3
-70.13,-35.14,2020,3,12,3.2,161
-71.37,-36.88,2020,3,17,2.8,3.5
-70.83,-35.36,2020,3,18,2.8,126
-71.59,-35.02,2020,3,20,2.7,49.2
-71.34,-36.9,2020,3,22,3.2,4.1
-71.23,-35.24,2020,3,22,2.6,86.9
-71.35,-36.86,2020,3,24,2.8,7.7
-71.41,-35.89,2020,4,9,3.2,105.4
-71.79,-35.96,2020,4,17,2.5,64.6
-71.4,-36.86,2020,4,21,2.8,4
-71.1,-36.53,2020,4,22,2.6,120.4
-70.65,-35.16,2020,4,26,3,20.5
-70.22,-36.1,2020,4,27,2.8,180
-71.11,-35.24,2020,5,3,3.1,96.7
-71.34,-36.9,2020,5,11,2.8,4.5
-71.78,-36.16,2020,5,13,3.2,79.3
-68.47,-38.31,2020,5,13,2.8,5
-71.45,-35.63,2020,5,14,3,92.9
-71.18,-37.89,2020,5,20,2.8,1.5
-71.34,-35.59,2020,5,23,2.4,103
-68.99,-38.61,2020,5,26,3.1,4
-71.26,-35.52,2020,5,30,3.9,94.9
-71.38,-36.88,2020,5,31,2.8,2.6
-71.67,-36.02,2020,6,1,2.4,85.7
-69.52,-35.02,2020,6,1,3.6,193
-69.11,-38.13,2020,6,2,2.7,5
-71.53,-36.15,2020,6,5,2.7,101.6
-68.94,-38.15,2020,6,5,2.8,4
-71.91,-36.64,2020,6,6,2.7,78.8
-71.37,-36.86,2020,6,7,2.8,2.6
-70.77,-36.91,2020,6,13,3.3,178
-70.59,-36.11,2020,6,16,2.3,1.8
-71.37,-35.52,2020,6,16,3.7,102.7
-70.09,-35.69,2020,6,21,3.3,196
-71.88,-36.62,2020,6,22,2.5,70
-70.47,-36.28,2020,6,24,3.3,182
-70.88,-37.67,2020,6,24,2.6,8
-70.3,-36.1,2020,6,25,3.3,170
-71.25,-35.45,2020,6,28,2.9,97.6
-68.53,-38.27,2020,6,30,3.7,4
-71.71,-40.98,2020,7,3,4.2,170
-69.43,-37.48,2020,7,7,3.3,4
-70.1,-35.34,2020,7,7,2.9,142
-71.89,-35.5,2020,7,8,2.7,56.2
-71.75,-36.29,2020,7,10,2.4,91.8
-70.24,-35.35,2020,7,14,3,174
-71.41,-36.87,2020,7,14,3,2.7
-71.46,-36.29,2020,7,17,3.4,110.5
-71.39,-36.85,2020,7,20,3,3.7
-70.88,-35.3,2020,7,22,2.5,105.2
-71.4,-36.86,2020,7,23,3.6,2.9
-71.07,-35.41,2020,7,25,2.7,112.6
-70.42,-36.12,2020,7,29,3.3,227
-70.97,-35.32,2020,7,29,2.5,113.3
-71.31,-36.83,2020,8,8,3,3.8
-70.96,-35.23,2020,8,9,2.7,111.9
-71.58,-38.38,2020,8,11,2.8,14.5
-70.89,-36.37,2020,8,12,2.8,141.2
-71.88,-35.35,2020,8,14,3.1,53.2
-71.23,-35.77,2020,8,20,2.9,108.9
-71.16,-35,2020,8,27,2.5,87.4
-70.3,-35.35,2020,9,8,3,157
-71.4,-35.62,2020,9,10,2.6,92.4
-68.58,-38.32,2020,9,23,3.1,5
-70.16,-35.23,2020,9,25,2.9,157
-71.93,-37.41,2020,9,25,2.9,81.7
-70.21,-35.41,2020,9,28,2.7,166.5
-71.57,-35.53,2020,10,6,2.5,71.3
-69.21,-38.82,2020,10,11,3.4,9
-71.87,-37.42,2020,10,25,3.1,168.6
-68.96,-38.49,2020,10,27,4,11.2
-71.41,-35.98,2020,10,29,2.8,111.1
-70.54,-35.22,2020,11,17,3.1,4.7
-71.18,-35.07,2020,11,19,2.7,89
-69.22,-35.27,2020,11,20,2.9,10
-71.12,-35.26,2020,11,22,2.7,102.4
-71.1,-37.08,2020,11,25,3.6,164
-71.63,-35.61,2020,11,25,4.5,84
-69.08,-38.43,2020,11,27,2.5,3
-71.33,-36.23,2020,11,28,2.5,108.5
-68.58,-38.17,2020,11,29,4.1,8
-70.71,-35.79,2020,11,29,2.5,219.6
-71.09,-35.41,2020,12,1,2.5,105.6
-71.36,-36.89,2020,12,9,2.8,4.3
-71.24,-35.02,2020,12,9,3.1,89.6
-71.35,-36.88,2020,12,20,3.2,3.6
-69.35,-35.74,2020,12,21,3.2,237
-68.51,-38.33,2020,12,22,2.6,8
-71.64,-35.7,2020,12,25,2.9,77.3
-68.45,-38.31,2020,12,27,2.7,4
-72,-39.4,2020,12,29,4.6,103.1