-72.9,-41.9,0.021655539
-72.9,-41.7,0.024099967
-72.9,-41.5,0.025706744
-72.9,-41.3,0.026684031
-72.9,-41.1,0.027335787
-72.9,-40.9,0.027820306
-72.9,-40.7,0.028158354
-72.9,-40.5,0.028518176
-72.9,-40.3,0.028810784
-72.9,-40.1,0.029125085
-72.9,-39.9,0.029509306
-72.9,-39.7,0.029916475
-72.9,-39.5,0.030464392
-72.9,-39.3,0.031111795
-72.9,-39.1,0.031925522
-72.9,-38.9,0.03296623
-72.9,-38.7,0.034253925
-72.9,-38.5,0.035888579
-72.9,-38.3,0.037802693
-72.9,-38.1,0.039920155
-72.9,-37.9,0.041220665
-72.9,-37.7,0.042423476
-72.9,-37.5,0.043508571
-72.9,-37.3,0.044472974
-72.9,-37.1,0.045367938
-72.9,-36.9,0.046289742
-72.9,-36.7,0.04737556
-72.9,-36.5,0.048728272
-72.9,-36.3,0.05005822
-72.9,-36.1,0.050954547
-72.9,-35.9,0.051477786
-72.9,-35.7,0.051738352
-72.9,-35.5,0.05180278
-72.9,-35.3,0.051679887
-72.9,-35.1,0.051350001
-72.9,-34.9,0.050767917
-72.9,-34.7,0.049842335
-72.9,-34.5,0.048421834
-72.9,-34.3,0.046237778
-72.9,-34.1,0.042887356
-72.9,-33.9,0.037963148
-72.9,-33.7,0
-72.7,-41.9,0.023811169
-72.7,-41.7,0.026814181
-72.7,-41.5,0.028631043
-72.7,-41.3,0.029728673
-72.7,-41.1,0.030440338
-72.7,-40.9,0.030938348
-72.7,-40.7,0.031330898
-72.7,-40.5,0.031645566
-72.7,-40.3,0.031947982
-72.7,-40.1,0.032274757
-72.7,-39.9,0.032664299
-72.7,-39.7,0.033124641
-72.7,-39.5,0.033685207
-72.7,-39.3,0.03438985
-72.7,-39.1,0.035291284
-72.7,-38.9,0.036461353
-72.7,-38.7,0.037956171
-72.7,-38.5,0.03981695
-72.7,-38.3,0.041109566
-72.7,-38.1,0.042466816
-72.7,-37.9,0.043797579
-72.7,-37.7,0.045039199
-72.7,-37.5,0.046152811
-72.7,-37.3,0.047153313
-72.7,-37.1,0.048101954
-72.7,-36.9,0.049126398
-72.7,-36.7,0.050405506
-72.7,-36.5,0.052048843
-72.7,-36.3,0.053674266
-72.7,-36.1,0.054757915
-72.7,-35.9,0.055372298
-72.7,-35.7,0.055677231
-72.7,-35.5,0.055762928
-72.7,-35.3,0.055650055
-72.7,-35.1,0.055322889
-72.7,-34.9,0.054731432
-72.7,-34.7,0.053774305
-72.7,-34.5,0.052267782
-72.7,-34.3,0.049863108
-72.7,-34.1,0.046025854
-72.7,-33.9,0.04099112
-72.7,-33.7,0
-72.5,-41.9,0.025189491
-72.5,-41.7,0.028489413
-72.5,-41.5,0.030500531
-72.5,-41.3,0.03171403
-72.5,-41.1,0.032461222
-72.5,-40.9,0.032976765
-72.5,-40.7,0.033386607
-72.5,-40.5,0.033731651
-72.5,-40.3,0.034054648
-72.5,-40.1,0.034399252
-72.5,-39.9,0.034800161
-72.5,-39.7,0.035295207
-72.5,-39.5,0.035910588
-72.5,-39.3,0.036682069
-72.5,-39.1,0.037672423
-72.5,-38.9,0.038967319
-72.5,-38.7,0.04029927
-72.5,-38.5,0.041484691
-72.5,-38.3,0.04279444
-72.5,-38.1,0.044167988
-72.5,-37.9,0.04552478
-72.5,-37.7,0.046792254
-72.5,-37.5,0.04793217
-72.5,-37.3,0.048960883
-72.5,-37.1,0.049950652
-72.5,-36.9,0.051042937
-72.5,-36.7,0.052425012
-72.5,-36.5,0.054191638
-72.5,-36.3,0.055931196
-72.5,-36.1,0.057104446
-72.5,-35.9,0.057773996
-72.5,-35.7,0.058108684
-72.5,-35.5,0.058211219
-72.5,-35.3,0.058104657
-72.5,-35.1,0.05777888
-72.5,-34.9,0.057180557
-72.5,-34.7,0.056200825
-72.5,-34.5,0.054640956
-72.5,-34.3,0.052125797
-72.5,-34.1,0.048091225
-72.5,-33.9,0.042751014
-72.5,-33.7,0
-72.3,-41.9,0.026025737
-72.3,-41.7,0.029489649
-72.3,-41.5,0.031607479
-72.3,-41.3,0.032899249
-72.3,-41.1,0.03368732
-72.3,-40.9,0.034243755
-72.3,-40.7,0.034670889
-72.3,-40.5,0.035039078
-72.3,-40.3,0.035386518
-72.3,-40.1,0.035761166
-72.3,-39.9,0.036206577
-72.3,-39.7,0.036739428
-72.3,-39.5,0.037408758
-72.3,-39.3,0.038252134
-72.3,-39.1,0.039329484
-72.3,-38.9,0.040357884
-72.3,-38.7,0.041389208
-72.3,-38.5,0.042585485
-72.3,-38.3,0.04391852
-72.3,-38.1,0.045315046
-72.3,-37.9,0.046700176
-72.3,-37.7,0.047991686
-72.3,-37.5,0.049155641
-72.3,-37.3,0.050210569
-72.3,-37.1,0.051232498
-72.3,-36.9,0.052368097
-72.3,-36.7,0.053808622
-72.3,-36.5,0.055637233
-72.3,-36.3,0.057436783
-72.3,-36.1,0.0586535
-72.3,-35.9,0.059353877
-72.3,-35.7,0.059707679
-72.3,-35.5,0.059819717
-72.3,-35.3,0.059717905
-72.3,-35.1,0.059389815
-72.3,-34.9,0.058784347
-72.3,-34.7,0.057785932
-72.3,-34.5,0.05619017
-72.3,-34.3,0.053619031
-72.3,-34.1,0.049496587
-72.3,-33.9,0.044030096
-72.3,-33.7,0
-72.1,-41.9,0.026489288
-72.1,-41.7,0.030022558
-72.1,-41.5,0.032220829
-72.1,-41.3,0.033546794
-72.1,-41.1,0.034368381
-72.1,-40.9,0.034951907
-72.1,-40.7,0.035407189
-72.1,-40.5,0.035821583
-72.1,-40.3,0.036209464
-72.1,-40.1,0.036616929
-72.1,-39.9,0.037116729
-72.1,-39.7,0.037702832
-72.1,-39.5,0.038432408
-72.1,-39.3,0.039344374
-72.1,-39.1,0.040216763
-72.1,-38.9,0.041081034
-72.1,-38.7,0.042128537
-72.1,-38.5,0.043347634
-72.1,-38.3,0.044699185
-72.1,-38.1,0.046118837
-72.1,-37.9,0.047525462
-72.1,-37.7,0.048839197
-72.1,-37.5,0.050022662
-72.1,-37.3,0.051097739
-72.1,-37.1,0.052143067
-72.1,-36.9,0.053306665
-72.1,-36.7,0.054781482
-72.1,-36.5,0.056647249
-72.1,-36.3,0.058475848
-72.1,-36.1,0.059716057
-72.1,-35.9,0.060432184
-72.1,-35.7,0.060798027
-72.1,-35.5,0.06091544
-72.1,-35.3,0.060814567
-72.1,-35.1,0.060485709
-72.1,-34.9,0.059871063
-72.1,-34.7,0.058859624
-72.1,-34.5,0.057242479
-72.1,-34.3,0.054641698
-72.1,-34.1,0.05048497
-72.1,-33.9,0.04495652
-72.1,-33.7,0
-71.9,-41.9,0.026685691
-71.9,-41.7,0.030216699
-71.9,-41.5,0.032451585
-71.9,-41.3,0.033789895
-71.9,-41.1,0.034641474
-71.9,-40.9,0.035255633
-71.9,-40.7,0.035730902
-71.9,-40.5,0.036199592
-71.9,-40.3,0.036635228
-71.9,-40.1,0.037108693
-71.9,-39.9,0.037677933
-71.9,-39.7,0.038319644
-71.9,-39.5,0.0391219
-71.9,-39.3,0.039982691
-71.9,-39.1,0.040706836
-71.9,-38.9,0.041591715
-71.9,-38.7,0.042649534
-71.9,-38.5,0.043894187
-71.9,-38.3,0.045256723
-71.9,-38.1,0.046695273
-71.9,-37.9,0.048117306
-71.9,-37.7,0.049445473
-71.9,-37.5,0.050645057
-71.9,-37.3,0.051735763
-71.9,-37.1,0.052795801
-71.9,-36.9,0.053977218
-71.9,-36.7,0.055469945
-71.9,-36.5,0.057352606
-71.9,-36.3,0.059194069
-71.9,-36.1,0.060443882
-71.9,-35.9,0.061169308
-71.9,-35.7,0.061538029
-71.9,-35.5,0.061658353
-71.9,-35.3,0.061559338
-71.9,-35.1,0.061226428
-71.9,-34.9,0.06060718
-71.9,-34.7,0.059584275
-71.9,-34.5,0.057956483
-71.9,-34.3,0.055343777
-71.9,-34.1,0.051173937
-71.9,-33.9,0.045627233
-71.9,-33.7,0
-71.7,-41.9,0.026596271
-71.7,-41.7,0.030114841
-71.7,-41.5,0.032315042
-71.7,-41.3,0.033655234
-71.7,-41.1,0.034520753
-71.7,-40.9,0.035161346
-71.7,-40.7,0.035693176
-71.7,-40.5,0.036205739
-71.7,-40.3,0.036722604
-71.7,-40.1,0.037285056
-71.7,-39.9,0.037946612
-71.7,-39.7,0.038685951
-71.7,-39.5,0.039566588
-71.7,-39.3,0.040285759
-71.7,-39.1,0.041039146
-71.7,-38.9,0.041947637
-71.7,-38.7,0.043024916
-71.7,-38.5,0.044281412
-71.7,-38.3,0.045659531
-71.7,-38.1,0.047111429
-71.7,-37.9,0.048544839
-71.7,-37.7,0.049884092
-71.7,-37.5,0.051094208
-71.7,-37.3,0.052193753
-71.7,-37.1,0.05326445
-71.7,-36.9,0.05445594
-71.7,-36.7,0.055960774
-71.7,-36.5,0.05785574
-71.7,-36.3,0.059708297
-71.7,-36.1,0.060964268
-71.7,-35.9,0.061692704
-71.7,-35.7,0.062063273
-71.7,-35.5,0.062183037
-71.7,-35.3,0.062082928
-71.7,-35.1,0.06174805
-71.7,-34.9,0.061122492
-71.7,-34.7,0.060095061
-71.7,-34.5,0.058459304
-71.7,-34.3,0.055838488
-71.7,-34.1,0.05166439
-71.7,-33.9,0.046106208
-71.7,-33.7,0
-71.5,-41.9,0.026206464
-71.5,-41.7,0.029640771
-71.5,-41.5,0.031791594
-71.5,-41.3,0.033106688
-71.5,-41.1,0.033966403
-71.5,-40.9,0.034631349
-71.5,-40.7,0.035211131
-71.5,-40.5,0.035822306
-71.5,-40.3,0.03645293
-71.5,-40.1,0.037155837
-71.5,-39.9,0.037953742
-71.5,-39.7,0.03882039
-71.5,-39.5,0.039801311
-71.5,-39.3,0.040476888
-71.5,-39.1,0.041260086
-71.5,-38.9,0.04219133
-71.5,-38.7,0.043289393
-71.5,-38.5,0.044560693
-71.5,-38.3,0.045952771
-71.5,-38.1,0.047410693
-71.5,-37.9,0.048851695
-71.5,-37.7,0.050198466
-71.5,-37.5,0.051414989
-71.5,-37.3,0.052522037
-71.5,-37.1,0.053597022
-71.5,-36.9,0.054793444
-71.5,-36.7,0.056303281
-71.5,-36.5,0.058203682
-71.5,-36.3,0.060057741
-71.5,-36.1,0.061314635
-71.5,-35.9,0.062041126
-71.5,-35.7,0.062411111
-71.5,-35.5,0.062531255
-71.5,-35.3,0.062428277
-71.5,-35.1,0.062090375
-71.5,-34.9,0.061461817
-71.5,-34.7,0.060430903
-71.5,-34.5,0.058791004
-71.5,-34.3,0.056166276
-71.5,-34.1,0.051993035
-71.5,-33.9,0.046432409
-71.5,-33.7,0
-71.3,-41.9,0.025418174
-71.3,-41.7,0.028676929
-71.3,-41.5,0.030702118
-71.3,-41.3,0.03197097
-71.3,-41.1,0.032816619
-71.3,-40.9,0.033510044
-71.3,-40.7,0.034160342
-71.3,-40.5,0.034882516
-71.3,-40.3,0.035705674
-71.3,-40.1,0.03663376
-71.3,-39.9,0.037667762
-71.3,-39.7,0.038728684
-71.3,-39.5,0.039827403
-71.3,-39.3,0.040563527
-71.3,-39.1,0.041379176
-71.3,-38.9,0.042336561
-71.3,-38.7,0.043462224
-71.3,-38.5,0.04474714
-71.3,-38.3,0.046154607
-71.3,-38.1,0.047618255
-71.3,-37.9,0.049064159
-71.3,-37.7,0.050414711
-71.3,-37.5,0.051637799
-71.3,-37.3,0.052748084
-71.3,-37.1,0.053826906
-71.3,-36.9,0.055023585
-71.3,-36.7,0.05653064
-71.3,-36.5,0.058427092
-71.3,-36.3,0.060278066
-71.3,-36.1,0.061528411
-71.3,-35.9,0.062251382
-71.3,-35.7,0.062618479
-71.3,-35.5,0.062735476
-71.3,-35.3,0.062630475
-71.3,-35.1,0.06228957
-71.3,-34.9,0.061660372
-71.3,-34.7,0.060626402
-71.3,-34.5,0.05898476
-71.3,-34.3,0.056360446
-71.3,-34.1,0.052188434
-71.3,-33.9,0.046633288
-71.3,-33.7,0
-71.1,-41.9,0.023997208
-71.1,-41.7,0.026932761
-71.1,-41.5,0.028773423
-71.1,-41.3,0.029967433
-71.1,-41.1,0.030791219
-71.1,-40.9,0.031502295
-71.1,-40.7,0.032241326
-71.1,-40.5,0.033118609
-71.1,-40.3,0.034219503
-71.1,-40.1,0.035565063
-71.1,-39.9,0.037020635
-71.1,-39.7,0.038376998
-71.1,-39.5,0.039666981
-71.1,-39.3,0.040523678
-71.1,-39.1,0.04139227
-71.1,-38.9,0.042383023
-71.1,-38.7,0.043538202
-71.1,-38.5,0.044850979
-71.1,-38.3,0.04627613
-71.1,-38.1,0.047747362
-71.1,-37.9,0.049193144
-71.1,-37.7,0.050551422
-71.1,-37.5,0.051781062
-71.1,-37.3,0.052897278
-71.1,-37.1,0.053977836
-71.1,-36.9,0.055169351
-71.1,-36.7,0.056669716
-71.1,-36.5,0.058566779
-71.1,-36.3,0.060415301
-71.1,-36.1,0.061658006
-71.1,-35.9,0.062370911
-71.1,-35.7,0.062734403
-71.1,-35.5,0.062847771
-71.1,-35.3,0.062739186
-71.1,-35.1,0.06239773
-71.1,-34.9,0.061765444
-71.1,-34.7,0.06073077
-71.1,-34.5,0.059087332
-71.1,-34.3,0.056462068
-71.1,-34.1,0.052290089
-71.1,-33.9,0.046728797
-71.1,-33.7,0
-70.9,-41.9,0.021849133
-70.9,-41.7,0.024205681
-70.9,-41.5,0.02582158
-70.9,-41.3,0.026902018
-70.9,-41.1,0.027697191
-70.9,-40.9,0.028451547
-70.9,-40.7,0.029261958
-70.9,-40.5,0.03033084
-70.9,-40.3,0.031791076
-70.9,-40.1,0.033827126
-70.9,-39.9,0.036002811
-70.9,-39.7,0.037743486
-70.9,-39.5,0.039233018
-70.9,-39.3,0.040343188
-70.9,-39.1,0.041275725
-70.9,-38.9,0.042326689
-70.9,-38.7,0.043525238
-70.9,-38.5,0.044891566
-70.9,-38.3,0.046349648
-70.9,-38.1,0.047829222
-70.9,-37.9,0.049273323
-70.9,-37.7,0.050650194
-70.9,-37.5,0.051900227
-70.9,-37.3,0.053028181
-70.9,-37.1,0.054109249
-70.9,-36.9,0.055292204
-70.9,-36.7,0.056764152
-70.9,-36.5,0.058640901
-70.9,-36.3,0.060465988
-70.9,-36.1,0.061681181
-70.9,-35.9,0.062382247
-70.9,-35.7,0.062737547
-70.9,-35.5,0.06284716
-70.9,-35.3,0.062737212
-70.9,-35.1,0.062393885
-70.9,-34.9,0.061761592
-70.9,-34.7,0.060723804
-70.9,-34.5,0.059081346
-70.9,-34.3,0.056458022
-70.9,-34.1,0.052285053
-70.9,-33.9,0.046725586
-70.9,-33.7,0
-70.7,-41.9,0.019461455
-70.7,-41.7,0.021250999
-70.7,-41.5,0.022618623
-70.7,-41.3,0.023601282
-70.7,-41.1,0.024377691
-70.7,-40.9,0.025163054
-70.7,-40.7,0.026061932
-70.7,-40.5,0.027290586
-70.7,-40.3,0.02911903
-70.7,-40.1,0.031872395
-70.7,-39.9,0.034798715
-70.7,-39.7,0.03693736
-70.7,-39.5,0.038610227
-70.7,-39.3,0.040019117
-70.7,-39.1,0.041037407
-70.7,-38.9,0.042152967
-70.7,-38.7,0.043418005
-70.7,-38.5,0.044843659
-70.7,-38.3,0.046356544
-70.7,-38.1,0.047863852
-70.7,-37.9,0.049317606
-70.7,-37.7,0.05073313
-70.7,-37.5,0.052009672
-70.7,-37.3,0.053153906
-70.7,-37.1,0.054240249
-70.7,-36.9,0.055410281
-70.7,-36.7,0.056846533
-70.7,-36.5,0.058659177
-70.7,-36.3,0.060423333
-70.7,-36.1,0.061605819
-70.7,-35.9,0.062291432
-70.7,-35.7,0.062639095
-70.7,-35.5,0.062743254
-70.7,-35.3,0.062631443
-70.7,-35.1,0.06228698
-70.7,-34.9,0.06165405
-70.7,-34.7,0.060618352
-70.7,-34.5,0.058976665
-70.7,-34.3,0.056353055
-70.7,-34.1,0.052181005
-70.7,-33.9,0.046624761
-70.7,-33.7,0
-70.5,-41.9,0.017590938
-70.5,-41.7,0.018959107
-70.5,-41.5,0.020159477
-70.5,-41.3,0.021061186
-70.5,-41.1,0.021821609
-70.5,-40.9,0.022636835
-70.5,-40.7,0.023579825
-70.5,-40.5,0.024967827
-70.5,-40.3,0.027050573
-70.5,-40.1,0.030218849
-70.5,-39.9,0.03355385
-70.5,-39.7,0.035938293
-70.5,-39.5,0.037746463
-70.5,-39.3,0.039340876
-70.5,-39.1,0.040575307
-70.5,-38.9,0.041751854
-70.5,-38.7,0.043070264
-70.5,-38.5,0.044556271
-70.5,-38.3,0.046126153
-70.5,-38.1,0.047678281
-70.5,-37.9,0.049165916
-70.5,-37.7,0.050614577
-70.5,-37.5,0.051918156
-70.5,-37.3,0.053076234
-70.5,-37.1,0.054165259
-70.5,-36.9,0.055327054
-70.5,-36.7,0.056741301
-70.5,-36.5,0.058530513
-70.5,-36.3,0.06027177
-70.5,-36.1,0.061433882
-70.5,-35.9,0.062105335
-70.5,-35.7,0.062444884
-70.5,-35.5,0.062545039
-70.5,-35.3,0.062430907
-70.5,-35.1,0.062085617
-70.5,-34.9,0.061453488
-70.5,-34.7,0.060420603
-70.5,-34.5,0.058779944
-70.5,-34.3,0.056156542
-70.5,-34.1,0.051981889
-70.5,-33.9,0.046420794
-70.5,-33.7,0
-70.3,-41.9,0.01614408
-70.3,-41.7,0.017270723
-70.3,-41.5,0.018323319
-70.3,-41.3,0.019159798
-70.3,-41.1,0.019898785
-70.3,-40.9,0.020739779
-70.3,-40.7,0.021728197
-70.3,-40.5,0.023190474
-70.3,-40.3,0.025383519
-70.3,-40.1,0.028700065
-70.3,-39.9,0.032171622
-70.3,-39.7,0.034641609
-70.3,-39.5,0.036493525
-70.3,-39.3,0.038098171
-70.3,-39.1,0.039761946
-70.3,-38.9,0.041011855
-70.3,-38.7,0.042397991
-70.3,-38.5,0.043952808
-70.3,-38.3,0.045606364
-70.3,-38.1,0.047237493
-70.3,-37.9,0.04879741
-70.3,-37.7,0.050302595
-70.3,-37.5,0.051643346
-70.3,-37.3,0.052819412
-70.3,-37.1,0.053913478
-70.3,-36.9,0.055069245
-70.3,-36.7,0.056469407
-70.3,-36.5,0.058240857
-70.3,-36.3,0.059964936
-70.3,-36.1,0.061111569
-70.3,-35.9,0.061771307
-70.3,-35.7,0.062103406
-70.3,-35.5,0.062198602
-70.3,-35.3,0.062081721
-70.3,-35.1,0.061737075
-70.3,-34.9,0.061107337
-70.3,-34.7,0.060078278
-70.3,-34.5,0.058442734
-70.3,-34.3,0.055821616
-70.3,-34.1,0.051649652
-70.3,-33.9,0.04609498
-70.3,-33.7,0
-70.1,-41.9,0.014895814
-70.1,-41.7,0.015903395
-70.1,-41.5,0.016847538
-70.1,-41.3,0.017638311
-70.1,-41.1,0.018343069
-70.1,-40.9,0.019173747
-70.1,-40.7,0.020195901
-70.1,-40.5,0.021663714
-70.1,-40.3,0.023835421
-70.1,-40.1,0.02708092
-70.1,-39.9,0.03046079
-70.1,-39.7,0.032859761
-70.1,-39.5,0.034667555
-70.1,-39.3,0.036232717
-70.1,-39.1,0.03785469
-70.1,-38.9,0.039776437
-70.1,-38.7,0.041255407
-70.1,-38.5,0.042913977
-70.1,-38.3,0.04468789
-70.1,-38.1,0.046466399
-70.1,-37.9,0.048165962
-70.1,-37.7,0.049776457
-70.1,-37.5,0.051176544
-70.1,-37.3,0.052380264
-70.1,-37.1,0.053484209
-70.1,-36.9,0.054634795
-70.1,-36.7,0.056025021
-70.1,-36.5,0.057781607
-70.1,-36.3,0.059491627
-70.1,-36.1,0.0606259
-70.1,-35.9,0.06127381
-70.1,-35.7,0.061598584
-70.1,-35.5,0.061688144
-70.1,-35.3,0.061567917
-70.1,-35.1,0.061224744
-70.1,-34.9,0.060599402
-70.1,-34.7,0.05957694
-70.1,-34.5,0.057948165
-70.1,-34.3,0.055336598
-70.1,-34.1,0.051170599
-70.1,-33.9,0.045626868
-70.1,-33.7,0
-69.9,-41.9,0.013844228
-69.9,-41.7,0.014733046
-69.9,-41.5,0.015575955
-69.9,-41.3,0.016320169
-69.9,-41.1,0.0170209
-69.9,-40.9,0.017839132
-69.9,-40.7,0.018838441
-69.9,-40.5,0.020226834
-69.9,-40.3,0.022224505
-69.9,-40.1,0.025148168
-69.9,-39.9,0.028174264
-69.9,-39.7,0.030338841
-69.9,-39.5,0.032002222
-69.9,-39.3,0.03350034
-69.9,-39.1,0.035055395
-69.9,-38.9,0.036897246
-69.9,-38.7,0.039181892
-69.9,-38.5,0.041195203
-69.9,-38.3,0.043149199
-69.9,-38.1,0.045184571
-69.9,-37.9,0.047175374
-69.9,-37.7,0.048981454
-69.9,-37.5,0.050480179
-69.9,-37.3,0.051727243
-69.9,-37.1,0.05284192
-69.9,-36.9,0.053992718
-69.9,-36.7,0.055369135
-69.9,-36.5,0.057115868
-69.9,-36.3,0.058813602
-69.9,-36.1,0.059929002
-69.9,-35.9,0.060564078
-69.9,-35.7,0.06087644
-69.9,-35.5,0.060959507
-69.9,-35.3,0.060837593
-69.9,-35.1,0.060495317
-69.9,-34.9,0.059876513
-69.9,-34.7,0.058862902
-69.9,-34.5,0.057249565
-69.9,-34.3,0.054654293
-69.9,-34.1,0.050502341
-69.9,-33.9,0.044978768
-69.9,-33.7,0
-69.7,-41.9,0.012913911
-69.7,-41.7,0.01370743
-69.7,-41.5,0.014481308
-69.7,-41.3,0.015179778
-69.7,-41.1,0.015847806
-69.7,-40.9,0.016633419
-69.7,-40.7,0.017597189
-69.7,-40.5,0.018843997
-69.7,-40.3,0.020534111
-69.7,-40.1,0.022789259
-69.7,-39.9,0.025139526
-69.7,-39.7,0.026957294
-69.7,-39.5,0.02844088
-69.7,-39.3,0.029835608
-69.7,-39.1,0.031314787
-69.7,-38.9,0.033052117
-69.7,-38.7,0.035225995
-69.7,-38.5,0.038004249
-69.7,-38.3,0.040810015
-69.7,-38.1,0.043187808
-69.7,-37.9,0.045719709
-69.7,-37.7,0.047861326
-69.7,-37.5,0.049492437
-69.7,-37.3,0.050797813
-69.7,-37.1,0.051938355
-69.7,-36.9,0.053086154
-69.7,-36.7,0.054445866
-69.7,-36.5,0.056162786
-69.7,-36.3,0.057827462
-69.7,-36.1,0.058915503
-69.7,-35.9,0.059526298
-69.7,-35.7,0.059823327
-69.7,-35.5,0.0598961
-69.7,-35.3,0.059770957
-69.7,-35.1,0.059431195
-69.7,-34.9,0.058820259
-69.7,-34.7,0.0578232
-69.7,-34.5,0.056235272
-69.7,-34.3,0.053674813
-69.7,-34.1,0.049564656
-69.7,-33.9,0.044106305
-69.7,-33.7,0
-69.5,-41.9,0.012085166
-69.5,-41.7,0.012742234
-69.5,-41.5,0.013489294
-69.5,-41.3,0.014127643
-69.5,-41.1,0.014788867
-69.5,-40.9,0.015567474
-69.5,-40.7,0.016403146
-69.5,-40.5,0.017533639
-69.5,-40.3,0.018852541
-69.5,-40.1,0.02045634
-69.5,-39.9,0.022136681
-69.5,-39.7,0.023575364
-69.5,-39.5,0.024911057
-69.5,-39.3,0.026195293
-69.5,-39.1,0.027607504
-69.5,-38.9,0.029269762
-69.5,-38.7,0.03129296
-69.5,-38.5,0.033916153
-69.5,-38.3,0.037312385
-69.5,-38.1,0.040937211
-69.5,-37.9,0.043902539
-69.5,-37.7,0.046336405
-69.5,-37.5,0.048108533
-69.5,-37.3,0.04949946
-69.5,-37.1,0.05069074
-69.5,-36.9,0.051845964
-69.5,-36.7,0.053170156
-69.5,-36.5,0.05482978
-69.5,-36.3,0.056433663
-69.5,-36.1,0.057466958
-69.5,-35.9,0.058038931
-69.5,-35.7,0.058310393
-69.5,-35.5,0.058370773
-69.5,-35.3,0.058240186
-69.5,-35.1,0.057902049
-69.5,-34.9,0.057302408
-69.5,-34.7,0.056329116
-69.5,-34.5,0.054781932
-69.5,-34.3,0.052285548
-69.5,-34.1,0.04826618
-69.5,-33.9,0.042943761
-69.5,-33.7,0
-69.3,-41.9,0.01134956
-69.3,-41.7,0.011921924
-69.3,-41.5,0.012631526
-69.3,-41.3,0.013233176
-69.3,-41.1,0.01380823
-69.3,-40.9,0.014597828
-69.3,-40.7,0.015347563
-69.3,-40.5,0.016343389
-69.3,-40.3,0.017408032
-69.3,-40.1,0.018569356
-69.3,-39.9,0.019863693
-69.3,-39.7,0.021047605
-69.3,-39.5,0.022263622
-69.3,-39.3,0.023460533
-69.3,-39.1,0.024782231
-69.3,-38.9,0.026376925
-69.3,-38.7,0.028274482
-69.3,-38.5,0.030700481
-69.3,-38.3,0.033824284
-69.3,-38.1,0.038023483
-69.3,-37.9,0.041729428
-69.3,-37.7,0.044230867
-69.3,-37.5,0.046121258
-69.3,-37.3,0.047671415
-69.3,-37.1,0.048992626
-69.3,-36.9,0.050172217
-69.3,-36.7,0.051418908
-69.3,-36.5,0.052931234
-69.3,-36.3,0.054376446
-69.3,-36.1,0.055294055
-69.3,-35.9,0.055798315
-69.3,-35.7,0.056034274
-69.3,-35.5,0.056076005
-69.3,-35.3,0.055939138
-69.3,-35.1,0.055604752
-69.3,-34.9,0.055018868
-69.3,-34.7,0.054079149
-69.3,-34.5,0.052595749
-69.3,-34.3,0.050222762
-69.3,-34.1,0.046419546
-69.3,-33.9,0.041418567
-69.3,-33.7,0
-69.1,-41.9,0.010596448
-69.1,-41.7,0.011215236
-69.1,-41.5,0.011872789
-69.1,-41.3,0.012458707
-69.1,-41.1,0.012978564
-69.1,-40.9,0.013661399
-69.1,-40.7,0.014425194
-69.1,-40.5,0.015276179
-69.1,-40.3,0.016191306
-69.1,-40.1,0.017122254
-69.1,-39.9,0.018159723
-69.1,-39.7,0.019210486
-69.1,-39.5,0.020315956
-69.1,-39.3,0.021452948
-69.1,-39.1,0.022683334
-69.1,-38.9,0.024177326
-69.1,-38.7,0.025954412
-69.1,-38.5,0.02814153
-69.1,-38.3,0.030893477
-69.1,-38.1,0.034394298
-69.1,-37.9,0.038592741
-69.1,-37.7,0.041394792
-69.1,-37.5,0.043337181
-69.1,-37.3,0.045176093
-69.1,-37.1,0.046784144
-69.1,-36.9,0.04801318
-69.1,-36.7,0.049097236
-69.1,-36.5,0.050219879
-69.1,-36.3,0.051243175
-69.1,-36.1,0.051931795
-69.1,-35.9,0.052331164
-69.1,-35.7,0.052522343
-69.1,-35.5,0.052544273
-69.1,-35.3,0.052403066
-69.1,-35.1,0.05208011
-69.1,-34.9,0.051523544
-69.1,-34.7,0.050641324
-69.1,-34.5,0.049273763
-69.1,-34.3,0.047136795
-69.1,-34.1,0.043826219
-69.1,-33.9,0.03941416
-69.1,-33.7,0
-68.9,-41.9,0.010003247
-68.9,-41.7,0.01058531
-68.9,-41.5,0.011142449
-68.9,-41.3,0.011721237
-68.9,-41.1,0.012253842
-68.9,-40.9,0.012844565
-68.9,-40.7,0.013554323
-68.9,-40.5,0.014333732
-68.9,-40.3,0.015123377
-68.9,-40.1,0.015959682
-68.9,-39.9,0.016833648
-68.9,-39.7,0.017786371
-68.9,-39.5,0.018793467
-68.9,-39.3,0.019863535
-68.9,-39.1,0.021049017
-68.9,-38.9,0.022405894
-68.9,-38.7,0.024040116
-68.9,-38.5,0.025993938
-68.9,-38.3,0.028324256
-68.9,-38.1,0.031129878
-68.9,-37.9,0.034286901
-68.9,-37.7,0.037640255
-68.9,-37.5,0.040550474
-68.9,-37.3,0.042600837
-68.9,-37.1,0.044479072
-68.9,-36.9,0.045771677
-68.9,-36.7,0.046711329
-68.9,-36.5,0.047483299
-68.9,-36.3,0.048114285
-68.9,-36.1,0.048575219
-68.9,-35.9,0.048870951
-68.9,-35.7,0.049013361
-68.9,-35.5,0.049016815
-68.9,-35.3,0.048875146
-68.9,-35.1,0.048566133
-68.9,-34.9,0.048046596
-68.9,-34.7,0.04723458
-68.9,-34.5,0.045996305
-68.9,-34.3,0.044114627
-68.9,-34.1,0.041282289
-68.9,-33.9,0.036292654
-68.9,-33.7,0
-68.7,-41.9,0.009472708
-68.7,-41.7,0.009951265
-68.7,-41.5,0.010531905
-68.7,-41.3,0.01108801
-68.7,-41.1,0.011585494
-68.7,-40.9,0.012124597
-68.7,-40.7,0.012712994
-68.7,-40.5,0.013504734
-68.7,-40.3,0.014245788
-68.7,-40.1,0.014943611
-68.7,-39.9,0.015771497
-68.7,-39.7,0.01660857
-68.7,-39.5,0.017556658
-68.7,-39.3,0.018579824
-68.7,-39.1,0.019674085
-68.7,-38.9,0.020929089
-68.7,-38.7,0.022398017
-68.7,-38.5,0.024127077
-68.7,-38.3,0.026108308
-68.7,-38.1,0.028371753
-68.7,-37.9,0.030882752
-68.7,-37.7,0.033664521
-68.7,-37.5,0.036912557
-68.7,-37.3,0.040348977
-68.7,-37.1,0.042339712
-68.7,-36.9,0.043688864
-68.7,-36.7,0.044582706
-68.7,-36.5,0.045221504
-68.7,-36.3,0.045696218
-68.7,-36.1,0.046040799
-68.7,-35.9,0.046263102
-68.7,-35.7,0.046368185
-68.7,-35.5,0.046351828
-68.7,-35.3,0.046206791
-68.7,-35.1,0.045910135
-68.7,-34.9,0.045418292
-68.7,-34.7,0.044658139
-68.7,-34.5,0.043517202
-68.7,-34.3,0.041788962
-68.7,-34.1,0.038786303
-68.7,-33.9,0.033581782
-68.7,-33.7,0
-68.5,-41.9,0.008993967
-68.5,-41.7,0.009323427
-68.5,-41.5,0.009934802
-68.5,-41.3,0.010427968
-68.5,-41.1,0.010952419
-68.5,-40.9,0.011521515
-68.5,-40.7,0.011979476
-68.5,-40.5,0.012676546
-68.5,-40.3,0.013419466
-68.5,-40.1,0.014098802
-68.5,-39.9,0.014845755
-68.5,-39.7,0.01560793
-68.5,-39.5,0.016476754
-68.5,-39.3,0.017434957
-68.5,-39.1,0.018497657
-68.5,-38.9,0.019649394
-68.5,-38.7,0.020921083
-68.5,-38.5,0.022455934
-68.5,-38.3,0.024165448
-68.5,-38.1,0.026047787
-68.5,-37.9,0.028162552
-68.5,-37.7,0.030553954
-68.5,-37.5,0.033470828
-68.5,-37.3,0.037143975
-68.5,-37.1,0.040334426
-68.5,-36.9,0.041736662
-68.5,-36.7,0.042628817
-68.5,-36.5,0.043223828
-68.5,-36.3,0.043636464
-68.5,-36.1,0.043922313
-68.5,-35.9,0.044101771
-68.5,-35.7,0.044176709
-68.5,-35.5,0.044148214
-68.5,-35.3,0.044001348
-68.5,-35.1,0.043714128
-68.5,-34.9,0.043245345
-68.5,-34.7,0.042532504
-68.5,-34.5,0.041458189
-68.5,-34.3,0.039821047
-68.5,-34.1,0.03582938
-68.5,-33.9,0.031258188
-68.5,-33.7,0
-68.3,-41.9,0.008560671
-68.3,-41.7,0.008860422
-68.3,-41.5,0.009418154
-68.3,-41.3,0.009897467
-68.3,-41.1,0.010313129
-68.3,-40.9,0.010956288
-68.3,-40.7,0.011377047
-68.3,-40.5,0.012029376
-68.3,-40.3,0.012633437
-68.3,-40.1,0.013324788
-68.3,-39.9,0.0140658
-68.3,-39.7,0.014745914
-68.3,-39.5,0.015598077
-68.3,-39.3,0.01642997
-68.3,-39.1,0.01740968
-68.3,-38.9,0.018508971
-68.3,-38.7,0.019633563
-68.3,-38.5,0.020979123
-68.3,-38.3,0.022449866
-68.3,-38.1,0.024076764
-68.3,-37.9,0.025909362
-68.3,-37.7,0.028029807
-68.3,-37.5,0.03071204
-68.3,-37.3,0.034125894
-68.3,-37.1,0.037538543
-68.3,-36.9,0.039915439
-68.3,-36.7,0.040825285
-68.3,-36.5,0.041412
-68.3,-36.3,0.041800089
-68.3,-36.1,0.042055074
-68.3,-35.9,0.042209085
-68.3,-35.7,0.042267531
-68.3,-35.5,0.042228434
-68.3,-35.3,0.042083733
-68.3,-35.1,0.041804578
-68.3,-34.9,0.041360896
-68.3,-34.7,0.040683698
-68.3,-34.5,0.039555423
-68.3,-34.3,0.036963072
-68.3,-34.1,0.033403907
-68.3,-33.9,0.029279921
-68.3,-33.7,0
-68.1,-41.9,0.007978419
-68.1,-41.7,0.008430408
-68.1,-41.5,0.008946238
-68.1,-41.3,0.009447701
-68.1,-41.1,0.009802887
-68.1,-40.9,0.010304489
-68.1,-40.7,0.010861877
-68.1,-40.5,0.011415646
-68.1,-40.3,0.012040032
-68.1,-40.1,0.012571903
-68.1,-39.9,0.013258533
-68.1,-39.7,0.014007943
-68.1,-39.5,0.014771879
-68.1,-39.3,0.01558986
-68.1,-39.1,0.016406553
-68.1,-38.9,0.017406903
-68.1,-38.7,0.018495914
-68.1,-38.5,0.019653322
-68.1,-38.3,0.020960299
-68.1,-38.1,0.022370884
-68.1,-37.9,0.024003856
-68.1,-37.7,0.02595924
-68.1,-37.5,0.028442692
-68.1,-37.3,0.031687148
-68.1,-37.1,0.034899894
-68.1,-36.9,0.037216451
-68.1,-36.7,0.038751781
-68.1,-36.5,0.039757188
-68.1,-36.3,0.040149596
-68.1,-36.1,0.040392421
-68.1,-35.9,0.040530391
-68.1,-35.7,0.040578719
-68.1,-35.5,0.040536225
-68.1,-35.3,0.040389318
-68.1,-35.1,0.040126469
-68.1,-34.9,0.039636552
-68.1,-34.7,0.0385244
-68.1,-34.5,0.036925454
-68.1,-34.3,0.034622777
-68.1,-34.1,0.031409938
-68.1,-33.9,0.027594039
-68.1,-33.7,0
-67.9,-41.9,0.007597203
-67.9,-41.7,0.008030729
-67.9,-41.5,0.008403013
-67.9,-41.3,0.008945495
-67.9,-41.1,0.009364936
-67.9,-40.9,0.009748087
-67.9,-40.7,0.010295913
-67.9,-40.5,0.010846357
-67.9,-40.3,0.011425051
-67.9,-40.1,0.012001937
-67.9,-39.9,0.012534712
-67.9,-39.7,0.013267612
-67.9,-39.5,0.013984948
-67.9,-39.3,0.014769687
-67.9,-39.1,0.015569619
-67.9,-38.9,0.016412878
-67.9,-38.7,0.01741253
-67.9,-38.5,0.018482499
-67.9,-38.3,0.019632684
-67.9,-38.1,0.020923482
-67.9,-37.9,0.02238768
-67.9,-37.7,0.024192952
-67.9,-37.5,0.026579445
-67.9,-37.3,0.029685443
-67.9,-37.1,0.03276575
-67.9,-36.9,0.034955293
-67.9,-36.7,0.036383666
-67.9,-36.5,0.037312169
-67.9,-36.3,0.037912935
-67.9,-36.1,0.038287506
-67.9,-35.9,0.03850811
-67.9,-35.7,0.038572323
-67.9,-35.5,0.038500838
-67.9,-35.3,0.038273014
-67.9,-35.1,0.037853885
-67.9,-34.9,0.037199687
-67.9,-34.7,0.036226753
-67.9,-34.5,0.034808099
-67.9,-34.3,0.032737382
-67.9,-34.1,0.029737139
-67.9,-33.9,0.026112689
-67.9,-33.7,0
-67.7,-41.9,0.007241612
-67.7,-41.7,0.007663028
-67.7,-41.5,0.008025319
-67.7,-41.3,0.008478882
-67.7,-41.1,0.008937752
-67.7,-40.9,0.009263239
-67.7,-40.7,0.009757452
-67.7,-40.5,0.010346932
-67.7,-40.3,0.010905609
-67.7,-40.1,0.011415165
-67.7,-39.9,0.011959884
-67.7,-39.7,0.012578568
-67.7,-39.5,0.013245685
-67.7,-39.3,0.014020813
-67.7,-39.1,0.014770974
-67.7,-38.9,0.015541111
-67.7,-38.7,0.016420245
-67.7,-38.5,0.01739558
-67.7,-38.3,0.018466182
-67.7,-38.1,0.019653406
-67.7,-37.9,0.021011559
-67.7,-37.7,0.022698181
-67.7,-37.5,0.024988169
-67.7,-37.3,0.028028598
-67.7,-37.1,0.031016408
-67.7,-36.9,0.033115644
-67.7,-36.7,0.034459278
-67.7,-36.5,0.035316508
-67.7,-36.3,0.035872109
-67.7,-36.1,0.036212161
-67.7,-35.9,0.036398947
-67.7,-35.7,0.036458794
-67.7,-35.5,0.03639188
-67.7,-35.3,0.036189932
-67.7,-35.1,0.035815433
-67.7,-34.9,0.035244461
-67.7,-34.7,0.034376018
-67.7,-34.5,0.033090577
-67.7,-34.3,0.031166956
-67.7,-34.1,0.028306166
-67.7,-33.9,0.024864713
-67.7,-33.7,0
-67.5,-41.9,0.006896041
-67.5,-41.7,0.007108419
-67.5,-41.5,0.007531175
-67.5,-41.3,0.00794665
-67.5,-41.1,0.008484254
-67.5,-40.9,0.008888396
-67.5,-40.7,0.009205173
-67.5,-40.5,0.009674003
-67.5,-40.3,0.010352186
-67.5,-40.1,0.01089498
-67.5,-39.9,0.011401215
-67.5,-39.7,0.011950548
-67.5,-39.5,0.01254454
-67.5,-39.3,0.013245981
-67.5,-39.1,0.014034261
-67.5,-38.9,0.014739607
-67.5,-38.7,0.015484956
-67.5,-38.5,0.016402105
-67.5,-38.3,0.017393485
-67.5,-38.1,0.018495608
-67.5,-37.9,0.019790439
-67.5,-37.7,0.021409972
-67.5,-37.5,0.023623521
-67.5,-37.3,0.026608143
-67.5,-37.1,0.029538717
-67.5,-36.9,0.031569764
-67.5,-36.7,0.032856103
-67.5,-36.5,0.033671815
-67.5,-36.3,0.034178857
-67.5,-36.1,0.03450213
-67.5,-35.9,0.034667954
-67.5,-35.7,0.034712739
-67.5,-35.5,0.03465353
-67.5,-35.3,0.034471735
-67.5,-35.1,0.034149501
-67.5,-34.9,0.033626486
-67.5,-34.7,0.032842297
-67.5,-34.5,0.031643249
-67.5,-34.3,0.029807793
-67.5,-34.1,0.027082346
-67.5,-33.9,0.023747204
-67.5,-33.7,0
-67.3,-41.9,0.006588384
-67.3,-41.7,0.006755294
-67.3,-41.5,0.007207445
-67.3,-41.3,0.007557516
-67.3,-41.1,0.007880914
-67.3,-40.9,0.008484515
-67.3,-40.7,0.008778294
-67.3,-40.5,0.009297092
-67.3,-40.3,0.009680048
-67.3,-40.1,0.010316115
-67.3,-39.9,0.010900082
-67.3,-39.7,0.011367244
-67.3,-39.5,0.012017583
-67.3,-39.3,0.012548079
-67.3,-39.1,0.013245171
-67.3,-38.9,0.014012194
-67.3,-38.7,0.01466554
-67.3,-38.5,0.015536658
-67.3,-38.3,0.016409643
-67.3,-38.1,0.017443988
-67.3,-37.9,0.018686032
-67.3,-37.7,0.020260785
-67.3,-37.5,0.022457561
-67.3,-37.3,0.025348868
-67.3,-37.1,0.028242964
-67.3,-36.9,0.030241201
-67.3,-36.7,0.031483367
-67.3,-36.5,0.032273252
-67.3,-36.3,0.032754421
-67.3,-36.1,0.033042267
-67.3,-35.9,0.033184279
-67.3,-35.7,0.033228327
-67.3,-35.5,0.033184845
-67.3,-35.3,0.033025153
-67.3,-35.1,0.032722604
-67.3,-34.9,0.032245837
-67.3,-34.7,0.031527136
-67.3,-34.5,0.030400071
-67.3,-34.3,0.02865308
-67.3,-34.1,0.025995918
-67.3,-33.9,0.02273301
-67.3,-33.7,0
-67.1,-41.9,0.006219025
-67.1,-41.7,0.006396502
-67.1,-41.5,0.006868772
-67.1,-41.3,0.007207258
-67.1,-41.1,0.007489925
-67.1,-40.9,0.008013063
-67.1,-40.7,0.008415752
-67.1,-40.5,0.008830228
-67.1,-40.3,0.009300412
-67.1,-40.1,0.00970372
-67.1,-39.9,0.010315436
-67.1,-39.7,0.010873591
-67.1,-39.5,0.011441729
-67.1,-39.3,0.012004068
-67.1,-39.1,0.012525414
-67.1,-38.9,0.013257721
-67.1,-38.7,0.013983996
-67.1,-38.5,0.014695143
-67.1,-38.3,0.015546479
-67.1,-38.1,0.016486725
-67.1,-37.9,0.017729212
-67.1,-37.7,0.019291397
-67.1,-37.5,0.021392871
-67.1,-37.3,0.024266843
-67.1,-37.1,0.027096244
-67.1,-36.9,0.029076407
-67.1,-36.7,0.030300995
-67.1,-36.5,0.031027522
-67.1,-36.3,0.031481601
-67.1,-36.1,0.031755172
-67.1,-35.9,0.031912878
-67.1,-35.7,0.031950042
-67.1,-35.5,0.031887494
-67.1,-35.3,0.031729396
-67.1,-35.1,0.031464975
-67.1,-34.9,0.03104141
-67.1,-34.7,0.03035138
-67.1,-34.5,0.029277612
-67.1,-34.3,0.02757228
-67.1,-34.1,0.025019942
-67.1,-33.9,0.021825671
-67.1,-33.7,0
-66.9,-41.9,0.005946774
-66.9,-41.7,0.006088792
-66.9,-41.5,0.006259435
-66.9,-41.3,0.006718198
-66.9,-41.1,0.007169853
-66.9,-40.9,0.007500677
-66.9,-40.7,0.007921699
-66.9,-40.5,0.008330117
-66.9,-40.3,0.008766528
-66.9,-40.1,0.009302299
-66.9,-39.9,0.009713762
-66.9,-39.7,0.01026397
-66.9,-39.5,0.010822766
-66.9,-39.3,0.011402112
-66.9,-39.1,0.011964807
-66.9,-38.9,0.012523462
-66.9,-38.7,0.013245832
-66.9,-38.5,0.013957546
-66.9,-38.3,0.014724692
-66.9,-38.1,0.015681172
-66.9,-37.9,0.016793951
-66.9,-37.7,0.018305069
-66.9,-37.5,0.020420361
-66.9,-37.3,0.023234239
-66.9,-37.1,0.026023651
-66.9,-36.9,0.027932055
-66.9,-36.7,0.029122332
-66.9,-36.5,0.029842008
-66.9,-36.3,0.030280402
-66.9,-36.1,0.030527705
-66.9,-35.9,0.030667774
-66.9,-35.7,0.030693833
-66.9,-35.5,0.030648274
-66.9,-35.3,0.030511258
-66.9,-35.1,0.030255336
-66.9,-34.9,0.029837793
-66.9,-34.7,0.029184753
-66.9,-34.5,0.028161943
-66.9,-34.3,0.026557939
-66.9,-34.1,0.024030648
-66.9,-33.9,0.020847835
-66.9,-33.7,0
-66.7,-41.9,0.005658275
-66.7,-41.7,0.005831952
-66.7,-41.5,0.005972219
-66.7,-41.3,0.006114558
-66.7,-41.1,0.006755124
-66.7,-40.9,0.007064966
-66.7,-40.7,0.007419855
-66.7,-40.5,0.007975759
-66.7,-40.3,0.008254648
-66.7,-40.1,0.008799345
-66.7,-39.9,0.00927487
-66.7,-39.7,0.009671108
-66.7,-39.5,0.010187806
-66.7,-39.3,0.010758136
-66.7,-39.1,0.011391987
-66.7,-38.9,0.011905542
-66.7,-38.7,0.012517216
-66.7,-38.5,0.013204037
-66.7,-38.3,0.013950548
-66.7,-38.1,0.014872963
-66.7,-37.9,0.015955517
-66.7,-37.7,0.017369548
-66.7,-37.5,0.019406553
-66.7,-37.3,0.022209749
-66.7,-37.1,0.024932282
-66.7,-36.9,0.026779559
-66.7,-36.7,0.027902434
-66.7,-36.5,0.028578091
-66.7,-36.3,0.029014718
-66.7,-36.1,0.029251393
-66.7,-35.9,0.02937622
-66.7,-35.7,0.029414179
-66.7,-35.5,0.029370962
-66.7,-35.3,0.02924508
-66.7,-35.1,0.028986568
-66.7,-34.9,0.028608391
-66.7,-34.7,0.027990391
-66.7,-34.5,0.027028639
-66.7,-34.3,0.025479754
-66.7,-34.1,0.022984665
-66.7,-33.9,0.019931475
-66.7,-33.7,0
-66.5,-41.9,0.005321964
-66.5,-41.7,0.00548651
-66.5,-41.5,0.005673637
-66.5,-41.3,0.005827243
-66.5,-41.1,0.006272021
-66.5,-40.9,0.006728498
-66.5,-40.7,0.007027991
-66.5,-40.5,0.007333762
-66.5,-40.3,0.00793713
-66.5,-40.1,0.00834931
-66.5,-39.9,0.008780159
-66.5,-39.7,0.009261165
-66.5,-39.5,0.009617618
-66.5,-39.3,0.010170368
-66.5,-39.1,0.010821555
-66.5,-38.9,0.011318779
-66.5,-38.7,0.011844811
-66.5,-38.5,0.012482483
-66.5,-38.3,0.013214335
-66.5,-38.1,0.014062271
-66.5,-37.9,0.01509869
-66.5,-37.7,0.016430965
-66.5,-37.5,0.018340696
-66.5,-37.3,0.021029565
-66.5,-37.1,0.023650777
-66.5,-36.9,0.025388753
-66.5,-36.7,0.026441857
-66.5,-36.5,0.027088357
-66.5,-36.3,0.027472341
-66.5,-36.1,0.0277215
-66.5,-35.9,0.02783742
-66.5,-35.7,0.027855743
-66.5,-35.5,0.027817437
-66.5,-35.3,0.027694864
-66.5,-35.1,0.027480561
-66.5,-34.9,0.027105846
-66.5,-34.7,0.026538543
-66.5,-34.5,0.025618993
-66.5,-34.3,0.02412173
-66.5,-34.1,0.021786021
-66.5,-33.9,0.018893752
-66.5,-33.7,0
-66.3,-41.9,0.005038517
-66.3,-41.7,0.005178601
-66.3,-41.5,0.005316521
-66.3,-41.3,0.005510723
-66.3,-41.1,0.005703448
-66.3,-40.9,0.006380094
-66.3,-40.7,0.00663037
-66.3,-40.5,0.00702084
-66.3,-40.3,0.007241596
-66.3,-40.1,0.007804773
-66.3,-39.9,0.008417151
-66.3,-39.7,0.00879501
-66.3,-39.5,0.009254398
-66.3,-39.3,0.009567751
-66.3,-39.1,0.010138753
-66.3,-38.9,0.010734188
-66.3,-38.7,0.011200113
-66.3,-38.5,0.011884972
-66.3,-38.3,0.012451955
-66.3,-38.1,0.013231336
-66.3,-37.9,0.014193393
-66.3,-37.7,0.015406391
-66.3,-37.5,0.017217422
-66.3,-37.3,0.019563049
-66.3,-37.1,0.021970572
-66.3,-36.9,0.023561604
-66.3,-36.7,0.024504125
-66.3,-36.5,0.025134888
-66.3,-36.3,0.025488712
-66.3,-36.1,0.025694819
-66.3,-35.9,0.025774796
-66.3,-35.7,0.025813308
-66.3,-35.5,0.02579659
-66.3,-35.3,0.025682917
-66.3,-35.1,0.025457503
-66.3,-34.9,0.025110003
-66.3,-34.7,0.024612181
-66.3,-34.5,0.023754215
-66.3,-34.3,0.022436563
-66.3,-34.1,0.02030164
-66.3,-33.9,0.017651211
-66.3,-33.7,0
-66.1,-41.9,0.004829819
-66.1,-41.7,0.004955382
-66.1,-41.5,0.005020185
-66.1,-41.3,0.005126997
-66.1,-41.1,0.005398141
-66.1,-40.9,0.005899275
-66.1,-40.7,0.006360296
-66.1,-40.5,0.006534265
-66.1,-40.3,0.006963251
-66.1,-40.1,0.007149092
-66.1,-39.9,0.007795356
-66.1,-39.7,0.008402651
-66.1,-39.5,0.00874616
-66.1,-39.3,0.009158129
-66.1,-39.1,0.009504875
-66.1,-38.9,0.010121052
-66.1,-38.7,0.010727112
-66.1,-38.5,0.011174203
-66.1,-38.3,0.011777598
-66.1,-38.1,0.012406184
-66.1,-37.9,0.013361943
-66.1,-37.7,0.014507233
-66.1,-37.5,0.015908798
-66.1,-37.3,0.017864479
-66.1,-37.1,0.019756502
-66.1,-36.9,0.021131324
-66.1,-36.7,0.021983597
-66.1,-36.5,0.022444269
-66.1,-36.3,0.02277866
-66.1,-36.1,0.022978388
-66.1,-35.9,0.023109902
-66.1,-35.7,0.023138253
-66.1,-35.5,0.023067983
-66.1,-35.3,0.022928858
-66.1,-35.1,0.022753157
-66.1,-34.9,0.022474563
-66.1,-34.7,0.021964658
-66.1,-34.5,0.021231536
-66.1,-34.3,0.02004721
-66.1,-34.1,0.018390242
-66.1,-33.9,0.016256623
-66.1,-33.7,0
-65.9,-41.9,0.0044181
-65.9,-41.7,0.004631682
-65.9,-41.5,0.004801224
-65.9,-41.3,0.004904083
-65.9,-41.1,0.005038869
-65.9,-40.9,0.005282307
-65.9,-40.7,0.005769575
-65.9,-40.5,0.006288839
-65.9,-40.3,0.006473023
-65.9,-40.1,0.0068868
-65.9,-39.9,0.007086601
-65.9,-39.7,0.00772889
-65.9,-39.5,0.00830464
-65.9,-39.3,0.008689701
-65.9,-39.1,0.009066357
-65.9,-38.9,0.009454542
-65.9,-38.7,0.010066592
-65.9,-38.5,0.010653275
-65.9,-38.3,0.011138581
-65.9,-38.1,0.011748426
-65.9,-37.9,0.012442198
-65.9,-37.7,0.013389027
-65.9,-37.5,0.01458622
-65.9,-37.3,0.01591165
-65.9,-37.1,0.017208742
-65.9,-36.9,0.018198296
-65.9,-36.7,0.018891146
-65.9,-36.5,0.01934726
-65.9,-36.3,0.019648049
-65.9,-36.1,0.019803545
-65.9,-35.9,0.019921536
-65.9,-35.7,0.019908912
-65.9,-35.5,0.019873897
-65.9,-35.3,0.019777628
-65.9,-35.1,0.019577069
-65.9,-34.9,0.019256504
-65.9,-34.7,0.01881733
-65.9,-34.5,0.018190861
-65.9,-34.3,0.017350031
-65.9,-34.1,0.016103806
-65.9,-33.9,0.014555128
-65.9,-33.7,0
-65.7,-41.9,0
-65.7,-41.7,0
-65.7,-41.5,0
-65.7,-41.3,0
-65.7,-41.1,0
-65.7,-40.9,0
-65.7,-40.7,0
-65.7,-40.5,0
-65.7,-40.3,0
-65.7,-40.1,0
-65.7,-39.9,0
-65.7,-39.7,0
-65.7,-39.5,0
-65.7,-39.3,0
-65.7,-39.1,0
-65.7,-38.9,0
-65.7,-38.7,0
-65.7,-38.5,0
-65.7,-38.3,0
-65.7,-38.1,0
-65.7,-37.9,0
-65.7,-37.7,0
-65.7,-37.5,0
-65.7,-37.3,0
-65.7,-37.1,0
-65.7,-36.9,0
-65.7,-36.7,0
-65.7,-36.5,0
-65.7,-36.3,0
-65.7,-36.1,0
-65.7,-35.9,0
-65.7,-35.7,0
-65.7,-35.5,0
-65.7,-35.3,0
-65.7,-35.1,0
-65.7,-34.9,0
-65.7,-34.7,0
-65.7,-34.5,0
-65.7,-34.3,0
-65.7,-34.1,0
-65.7,-33.9,0
-65.7,-33.7,0
-65.5,-41.9,0
-65.5,-41.7,0
-65.5,-41.5,0
-65.5,-41.3,0
-65.5,-41.1,0
-65.5,-40.9,0
-65.5,-40.7,0
-65.5,-40.5,0
-65.5,-40.3,0
-65.5,-40.1,0
-65.5,-39.9,0
-65.5,-39.7,0
-65.5,-39.5,0
-65.5,-39.3,0
-65.5,-39.1,0
-65.5,-38.9,0
-65.5,-38.7,0
-65.5,-38.5,0
-65.5,-38.3,0
-65.5,-38.1,0
-65.5,-37.9,0
-65.5,-37.7,0
-65.5,-37.5,0
-65.5,-37.3,0
-65.5,-37.1,0
-65.5,-36.9,0
-65.5,-36.7,0
-65.5,-36.5,0
-65.5,-36.3,0
-65.5,-36.1,0
-65.5,-35.9,0
-65.5,-35.7,0
-65.5,-35.5,0
-65.5,-35.3,0
-65.5,-35.1,0
-65.5,-34.9,0
-65.5,-34.7,0
-65.5,-34.5,0
-65.5,-34.3,0
-65.5,-34.1,0
-65.5,-33.9,0
-65.5,-33.7,0
-65.3,-41.9,0
-65.3,-41.7,0
-65.3,-41.5,0
-65.3,-41.3,0
-65.3,-41.1,0
-65.3,-40.9,0
-65.3,-40.7,0
-65.3,-40.5,0
-65.3,-40.3,0
-65.3,-40.1,0
-65.3,-39.9,0
-65.3,-39.7,0
-65.3,-39.5,0
-65.3,-39.3,0
-65.3,-39.1,0
-65.3,-38.9,0
-65.3,-38.7,0
-65.3,-38.5,0
-65.3,-38.3,0
-65.3,-38.1,0
-65.3,-37.9,0
-65.3,-37.7,0
-65.3,-37.5,0
-65.3,-37.3,0
-65.3,-37.1,0
-65.3,-36.9,0
-65.3,-36.7,0
-65.3,-36.5,0
-65.3,-36.3,0
-65.3,-36.1,0
-65.3,-35.9,0
-65.3,-35.7,0
-65.3,-35.5,0
-65.3,-35.3,0
-65.3,-35.1,0
-65.3,-34.9,0
-65.3,-34.7,0
-65.3,-34.5,0
-65.3,-34.3,0
-65.3,-34.1,0
-65.3,-33.9,0
-65.3,-33.7,0
-65.1,-41.9,0
-65.1,-41.7,0
-65.1,-41.5,0
-65.1,-41.3,0
-65.1,-41.1,0
-65.1,-40.9,0
-65.1,-40.7,0
-65.1,-40.5,0
-65.1,-40.3,0
-65.1,-40.1,0
-65.1,-39.9,0
-65.1,-39.7,0
-65.1,-39.5,0
-65.1,-39.3,0
-65.1,-39.1,0
-65.1,-38.9,0
-65.1,-38.7,0
-65.1,-38.5,0
-65.1,-38.3,0
-65.1,-38.1,0
-65.1,-37.9,0
-65.1,-37.7,0
-65.1,-37.5,0
-65.1,-37.3,0
-65.1,-37.1,0
-65.1,-36.9,0
-65.1,-36.7,0
-65.1,-36.5,0
-65.1,-36.3,0
-65.1,-36.1,0
-65.1,-35.9,0
-65.1,-35.7,0
-65.1,-35.5,0
-65.1,-35.3,0
-65.1,-35.1,0
-65.1,-34.9,0
-65.1,-34.7,0
-65.1,-34.5,0
-65.1,-34.3,0
-65.1,-34.1,0
-65.1,-33.9,0
-65.1,-33.7,0
-64.9,-41.9,0
-64.9,-41.7,0
-64.9,-41.5,0
-64.9,-41.3,0
-64.9,-41.1,0
-64.9,-40.9,0
-64.9,-40.7,0
-64.9,-40.5,0
-64.9,-40.3,0
-64.9,-40.1,0
-64.9,-39.9,0
-64.9,-39.7,0
-64.9,-39.5,0
-64.9,-39.3,0
-64.9,-39.1,0
-64.9,-38.9,0
-64.9,-38.7,0
-64.9,-38.5,0
-64.9,-38.3,0
-64.9,-38.1,0
-64.9,-37.9,0
-64.9,-37.7,0
-64.9,-37.5,0
-64.9,-37.3,0
-64.9,-37.1,0
-64.9,-36.9,0
-64.9,-36.7,0
-64.9,-36.5,0
-64.9,-36.3,0
-64.9,-36.1,0
-64.9,-35.9,0
-64.9,-35.7,0
-64.9,-35.5,0
-64.9,-35.3,0
-64.9,-35.1,0
-64.9,-34.9,0
-64.9,-34.7,0
-64.9,-34.5,0
-64.9,-34.3,0
-64.9,-34.1,0
-64.9,-33.9,0
-64.9,-33.7,0
-64.7,-41.9,0
-64.7,-41.7,0
-64.7,-41.5,0
-64.7,-41.3,0
-64.7,-41.1,0
-64.7,-40.9,0
-64.7,-40.7,0
-64.7,-40.5,0
-64.7,-40.3,0
-64.7,-40.1,0
-64.7,-39.9,0
-64.7,-39.7,0
-64.7,-39.5,0
-64.7,-39.3,0
-64.7,-39.1,0
-64.7,-38.9,0
-64.7,-38.7,0
-64.7,-38.5,0
-64.7,-38.3,0
-64.7,-38.1,0
-64.7,-37.9,0
-64.7,-37.7,0
-64.7,-37.5,0
-64.7,-37.3,0
-64.7,-37.1,0
-64.7,-36.9,0
-64.7,-36.7,0
-64.7,-36.5,0
-64.7,-36.3,0
-64.7,-36.1,0
-64.7,-35.9,0
-64.7,-35.7,0
-64.7,-35.5,0
-64.7,-35.3,0
-64.7,-35.1,0
-64.7,-34.9,0
-64.7,-34.7,0
-64.7,-34.5,0
-64.7,-34.3,0
-64.7,-34.1,0
-64.7,-33.9,0
-64.7,-33.7,0
-64.5,-41.9,0
-64.5,-41.7,0
-64.5,-41.5,0
-64.5,-41.3,0
-64.5,-41.1,0
-64.5,-40.9,0
-64.5,-40.7,0
-64.5,-40.5,0
-64.5,-40.3,0
-64.5,-40.1,0
-64.5,-39.9,0
-64.5,-39.7,0
-64.5,-39.5,0
-64.5,-39.3,0
-64.5,-39.1,0
-64.5,-38.9,0
-64.5,-38.7,0
-64.5,-38.5,0
-64.5,-38.3,0
-64.5,-38.1,0
-64.5,-37.9,0
-64.5,-37.7,0
-64.5,-37.5,0
-64.5,-37.3,0
-64.5,-37.1,0
-64.5,-36.9,0
-64.5,-36.7,0
-64.5,-36.5,0
-64.5,-36.3,0
-64.5,-36.1,0
-64.5,-35.9,0
-64.5,-35.7,0
-64.5,-35.5,0
-64.5,-35.3,0
-64.5,-35.1,0
-64.5,-34.9,0
-64.5,-34.7,0
-64.5,-34.5,0
-64.5,-34.3,0
-64.5,-34.1,0
-64.5,-33.9,0
-64.5,-33.7,0
-64.3,-41.9,0
-64.3,-41.7,0
-64.3,-41.5,0
-64.3,-41.3,0
-64.3,-41.1,0
-64.3,-40.9,0
-64.3,-40.7,0
-64.3,-40.5,0
-64.3,-40.3,0
-64.3,-40.1,0
-64.3,-39.9,0
-64.3,-39.7,0
-64.3,-39.5,0
-64.3,-39.3,0
-64.3,-39.1,0
-64.3,-38.9,0
-64.3,-38.7,0
-64.3,-38.5,0
-64.3,-38.3,0
-64.3,-38.1,0
-64.3,-37.9,0
-64.3,-37.7,0
-64.3,-37.5,0
-64.3,-37.3,0
-64.3,-37.1,0
-64.3,-36.9,0
-64.3,-36.7,0
-64.3,-36.5,0
-64.3,-36.3,0
-64.3,-36.1,0
-64.3,-35.9,0
-64.3,-35.7,0
-64.3,-35.5,0
-64.3,-35.3,0
-64.3,-35.1,0
-64.3,-34.9,0
-64.3,-34.7,0
-64.3,-34.5,0
-64.3,-34.3,0
-64.3,-34.1,0
-64.3,-33.9,0
-64.3,-33.7,0
-64.1,-41.9,0
-64.1,-41.7,0
-64.1,-41.5,0
-64.1,-41.3,0
-64.1,-41.1,0
-64.1,-40.9,0
-64.1,-40.7,0
-64.1,-40.5,0
-64.1,-40.3,0
-64.1,-40.1,0
-64.1,-39.9,0
-64.1,-39.7,0
-64.1,-39.5,0
-64.1,-39.3,0
-64.1,-39.1,0
-64.1,-38.9,0
-64.1,-38.7,0
-64.1,-38.5,0
-64.1,-38.3,0
-64.1,-38.1,0
-64.1,-37.9,0
-64.1,-37.7,0
-64.1,-37.5,0
-64.1,-37.3,0
-64.1,-37.1,0
-64.1,-36.9,0
-64.1,-36.7,0
-64.1,-36.5,0
-64.1,-36.3,0
-64.1,-36.1,0
-64.1,-35.9,0
-64.1,-35.7,0
-64.1,-35.5,0
-64.1,-35.3,0
-64.1,-35.1,0
-64.1,-34.9,0
-64.1,-34.7,0
-64.1,-34.5,0
-64.1,-34.3,0
-64.1,-34.1,0
-64.1,-33.9,0
-64.1,-33.7,0
-63.9,-41.9,0
-63.9,-41.7,0
-63.9,-41.5,0
-63.9,-41.3,0
-63.9,-41.1,0
-63.9,-40.9,0
-63.9,-40.7,0
-63.9,-40.5,0
-63.9,-40.3,0
-63.9,-40.1,0
-63.9,-39.9,0
-63.9,-39.7,0
-63.9,-39.5,0
-63.9,-39.3,0
-63.9,-39.1,0
-63.9,-38.9,0
-63.9,-38.7,0
-63.9,-38.5,0
-63.9,-38.3,0
-63.9,-38.1,0
-63.9,-37.9,0
-63.9,-37.7,0
-63.9,-37.5,0
-63.9,-37.3,0
-63.9,-37.1,0
-63.9,-36.9,0
-63.9,-36.7,0
-63.9,-36.5,0
-63.9,-36.3,0
-63.9,-36.1,0
-63.9,-35.9,0
-63.9,-35.7,0
-63.9,-35.5,0
-63.9,-35.3,0
-63.9,-35.1,0
-63.9,-34.9,0
-63.9,-34.7,0
-63.9,-34.5,0
-63.9,-34.3,0
-63.9,-34.1,0
-63.9,-33.9,0
-63.9,-33.7,0
-63.7,-41.9,0
-63.7,-41.7,0
-63.7,-41.5,0
-63.7,-41.3,0
-63.7,-41.1,0
-63.7,-40.9,0
-63.7,-40.7,0
-63.7,-40.5,0
-63.7,-40.3,0
-63.7,-40.1,0
-63.7,-39.9,0
-63.7,-39.7,0
-63.7,-39.5,0
-63.7,-39.3,0
-63.7,-39.1,0
-63.7,-38.9,0
-63.7,-38.7,0
-63.7,-38.5,0
-63.7,-38.3,0
-63.7,-38.1,0
-63.7,-37.9,0
-63.7,-37.7,0
-63.7,-37.5,0
-63.7,-37.3,0
-63.7,-37.1,0
-63.7,-36.9,0
-63.7,-36.7,0
-63.7,-36.5,0
-63.7,-36.3,0
-63.7,-36.1,0
-63.7,-35.9,0
-63.7,-35.7,0
-63.7,-35.5,0
-63.7,-35.3,0
-63.7,-35.1,0
-63.7,-34.9,0
-63.7,-34.7,0
-63.7,-34.5,0
-63.7,-34.3,0
-63.7,-34.1,0
-63.7,-33.9,0
-63.7,-33.7,0
-63.5,-41.9,0
-63.5,-41.7,0
-63.5,-41.5,0
-63.5,-41.3,0
-63.5,-41.1,0
-63.5,-40.9,0
-63.5,-40.7,0
-63.5,-40.5,0
-63.5,-40.3,0
-63.5,-40.1,0
-63.5,-39.9,0
-63.5,-39.7,0
-63.5,-39.5,0
-63.5,-39.3,0
-63.5,-39.1,0
-63.5,-38.9,0
-63.5,-38.7,0
-63.5,-38.5,0
-63.5,-38.3,0
-63.5,-38.1,0
-63.5,-37.9,0
-63.5,-37.7,0
-63.5,-37.5,0
-63.5,-37.3,0
-63.5,-37.1,0
-63.5,-36.9,0
-63.5,-36.7,0
-63.5,-36.5,0
-63.5,-36.3,0
-63.5,-36.1,0
-63.5,-35.9,0
-63.5,-35.7,0
-63.5,-35.5,0
-63.5,-35.3,0
-63.5,-35.1,0
-63.5,-34.9,0
-63.5,-34.7,0
-63.5,-34.5,0
-63.5,-34.3,0
-63.5,-34.1,0
-63.5,-33.9,0
-63.5,-33.7,0
-63.3,-41.9,0
-63.3,-41.7,0
-63.3,-41.5,0
-63.3,-41.3,0
-63.3,-41.1,0
-63.3,-40.9,0
-63.3,-40.7,0
-63.3,-40.5,0
-63.3,-40.3,0
-63.3,-40.1,0
-63.3,-39.9,0
-63.3,-39.7,0
-63.3,-39.5,0
-63.3,-39.3,0
-63.3,-39.1,0
-63.3,-38.9,0
-63.3,-38.7,0
-63.3,-38.5,0
-63.3,-38.3,0
-63.3,-38.1,0
-63.3,-37.9,0
-63.3,-37.7,0
-63.3,-37.5,0
-63.3,-37.3,0
-63.3,-37.1,0
-63.3,-36.9,0
-63.3,-36.7,0
-63.3,-36.5,0
-63.3,-36.3,0
-63.3,-36.1,0
-63.3,-35.9,0
-63.3,-35.7,0
-63.3,-35.5,0
-63.3,-35.3,0
-63.3,-35.1,0
-63.3,-34.9,0
-63.3,-34.7,0
-63.3,-34.5,0
-63.3,-34.3,0
-63.3,-34.1,0
-63.3,-33.9,0
-63.3,-33.7,0
-63.1,-41.9,0
-63.1,-41.7,0
-63.1,-41.5,0
-63.1,-41.3,0
-63.1,-41.1,0
-63.1,-40.9,0
-63.1,-40.7,0
-63.1,-40.5,0
-63.1,-40.3,0
-63.1,-40.1,0
-63.1,-39.9,0
-63.1,-39.7,0
-63.1,-39.5,0
-63.1,-39.3,0
-63.1,-39.1,0
-63.1,-38.9,0
-63.1,-38.7,0
-63.1,-38.5,0
-63.1,-38.3,0
-63.1,-38.1,0
-63.1,-37.9,0
-63.1,-37.7,0
-63.1,-37.5,0
-63.1,-37.3,0
-63.1,-37.1,0
-63.1,-36.9,0
-63.1,-36.7,0
-63.1,-36.5,0
-63.1,-36.3,0
-63.1,-36.1,0
-63.1,-35.9,0
-63.1,-35.7,0
-63.1,-35.5,0
-63.1,-35.3,0
-63.1,-35.1,0
-63.1,-34.9,0
-63.1,-34.7,0
-63.1,-34.5,0
-63.1,-34.3,0
-63.1,-34.1,0
-63.1,-33.9,0
-63.1,-33.7,0
